0,2318,2536,Entire home/apt,"Seattle, WA, United States",21,4.5,8,4,2.5,250,46:14.7,47.610819,-122.290816,0101000020E6100000D449B6BA9C925EC0416326512FCE4740,"Casa Madrona - Urban Oasis, 1 block from the Park!"
1,3335,4193,Entire home/apt,"Seattle, WA, United States",1,,4,2,1,100,08:45.3,47.529846,-122.27584,0101000020E61000006FBBD05CA7915EC04DF564FED1C34740,Sweet Seattle Urban Homestead 2 Bdr
2,4291,35749,Private room,"Seattle, WA, United States",63,4.5,2,1,1,82,04:19.9,47.687801,-122.313427,0101000020E6100000BDAB1E300F945EC0FB93F8DC09D84740,Sunrise in Seattle Master Suite
3,5682,8993,Entire home/apt,"Seattle, WA, United States",462,5,2,,1,49,11:25.5,47.52398,-122.359891,0101000020E6100000FCC7427408975EC009E1D1C611C34740,"Cozy Studio, min. to downtown -WiFi"
4,6606,14942,Entire home/apt,"Seattle, WA, United States",134,4.5,2,1,1,90,12:38.4,47.654109,-122.337605,0101000020E6100000D47D00529B955EC07782FDD7B9D34740,"Fab, private seattle urban cottage!"
5,9419,30559,Private room,"Seattle, WA, United States",130,4.5,2,1,3,65,08:20.1,47.550167,-122.319366,0101000020E6100000145D177E70945EC0522B4CDF6BC64740,Glorious sun room w/ memory foambed
6,9460,30832,Private room,"Seattle, WA, United States",401,5,2,,1,78,45:03.9,47.60801,-122.328739,0101000020E6100000DD7A4D0F0A955EC00BD28C45D3CD4740,Downtown/Convention Ctr B&B - Nice!
7,9531,31481,Entire home/apt,"Seattle, WA, United States",35,5,4,2,1,165,12:23.6,47.555389,-122.384739,0101000020E6100000BA9F53909F985EC071C79BFC16C74740,The Adorable Sweet Orange Craftsman
8,9534,31481,Entire home/apt,"Seattle, WA, United States",36,5,3,2,1,95,11:31.1,47.556236,-122.385981,0101000020E610000027F8A6E9B3985EC0CE6DC2BD32C74740,The Coolest Tangerine Dream MIL! 
9,9596,14942,Entire home/apt,"Seattle, WA, United States",76,4.5,4,1,1,115,15:01.2,47.654787,-122.33652,0101000020E6100000CB9C2E8B89955EC0486C770FD0D34740,"the down home , spacious, central and fab!"
10,9909,33360,Entire home/apt,"Seattle, WA, United States",57,4.5,4,2,1,135,05:07.4,47.56612,-122.372726,0101000020E61000009C1727BEDA975EC046CEC29E76C84740,Luna Park Lower - West Seattle
11,10209,31553,Private room,"Seattle, WA, United States",36,4.5,1,,1.5,50,12:25.3,47.553646,-122.363257,0101000020E6100000C2C2499A3F975EC0D6C743DFDDC64740,Stay here for a blast!!!!  Holiday sale
12,10385,35749,Private room,"Seattle, WA, United States",94,4.5,2,1,,41,04:34.8,47.695719,-122.311944,0101000020E6100000BD8BF7E3F6935EC0581AF8510DD94740,Upscale Seattle Hotel Alternative 
13,10695,35749,Private room,"Seattle, WA, United States",20,5,4,1,1,109,02:32.4,47.697201,-122.313481,0101000020E6100000B6BA9C1210945EC087DEE2E13DD94740,Private 2 Rooms & 1 Bath 
14,11012,14942,Entire home/apt,"Seattle, WA, United States",80,5,8,3,2,250,15:01.2,47.654477,-122.336464,0101000020E610000002124DA088955EC0FA7DFFE6C5D34740,"the orange house, quiet 'n central"
15,14386,39377,Private room,"Seattle, WA, United States",125,4.5,2,1,1.5,37,59:19.4,47.687246,-122.334696,0101000020E61000008786C5A86B955EC046274BADF7D74740,Quiet Cozy Upstairs BR Green Lake
16,15108,39377,Private room,"Seattle, WA, United States",70,4.5,6,3,1.5,50,04:35.9,47.688266,-122.335856,0101000020E6100000960A2AAA7E955EC07079AC1919D84740,Green Lake Private Ground Floor BR
17,15749,61636,Private room,"Seattle, WA, United States",17,4.5,1,1,1,100,04:34.8,47.684072,-122.326488,0101000020E610000055A2EC2DE5945EC0FE0DDAAB8FD74740,Green Lake guest room with active family
18,17951,33360,Entire home/apt,"Seattle, WA, United States",89,5,2,,1,72,11:25.5,47.55484,-122.385124,0101000020E6100000E73922DFA5985EC09E4143FF04C74740,"West Seattle, The Starlight Studio"
19,18042,69549,Entire home/apt,"Kirkland, WA, United States",78,4.5,2,1,1,60,56:32.6,47.685397,-122.180699,0101000020E6100000E0DA8992908B5EC065E3C116BBD74740,Lake Forbes Cottage
20,19619,74305,Entire home/apt,"Seattle, WA, United States",76,5,4,1,1,140,58:36.5,47.614471,-122.348145,0101000020E61000000551F70148965EC093AB58FCA6CE4740,Lively Vacation Home in Seattle with Puget Sound Views
21,20868,35749,Entire home/apt,"Seattle, WA, United States",119,4.5,6,,1,99,04:20.7,47.695386,-122.313075,0101000020E61000007E8CB96B09945EC0520C906802D94740,"Newly Remodeled ""Boho Modern"" in Mapleleaf"
22,20927,79450,Entire home/apt,"Seattle, WA, United States",489,5,2,1,1,59,58:37.0,47.673339,-122.39512,0101000020E6100000B77F65A549995EC0880FECF82FD64740,Cottage in the Heart of Ballard
23,20928,79450,Private room,"Seattle, WA, United States",272,5,2,1,1,45,58:36.3,47.673607,-122.393803,0101000020E610000045847F1134995EC0A7AD11C138D64740,Victorian in the Heart of Ballard
24,23192,90437,Entire home/apt,"Seattle, WA, United States",98,5,5,1,1,77,23:04.2,47.622366,-122.315918,0101000020E6100000EF8D210038945EC0381268B0A9CF4740,Large Modern Unit - 3 blocks from the light-rail
25,23356,91286,Entire home/apt,"Seattle, WA, United States",19,4,10,3,2,180,08:44.6,47.534188,-122.281393,0101000020E6100000B114C95702925EC034F5BA4560C44740,3bd 2bt great bargain  sleep 8-10
26,23403,91519,Private room,"Bellevue, WA, United States",17,3.5,2,1,1,75,39:13.3,47.611366,-122.119342,0101000020E610000083C2A04CA3875EC073F1B73D41CE4740,"Fully furnished room ""A"""
28,24212,74305,Entire home/apt,"Seattle, WA, United States",79,4.5,6,2,1,162,59:39.2,47.614471,-122.348145,0101000020E61000000551F70148965EC093AB58FCA6CE4740,SALE 12/27★PERFECT Getaway w/ Views★
29,25002,102684,Entire home/apt,"Seattle, WA, United States",687,5,4,1,1,70,58:37.0,47.679412,-122.37054,0101000020E6100000087767EDB6975EC04641F0F8F6D64740,"Beautiful, Private Spot in Quiet Ballard"
30,26116,110248,Entire home/apt,"Seattle, WA, United States",143,5,4,2,1,269,25:18.9,47.618298,-122.325562,0101000020E610000081B4FF01D6945EC053978C6324CF4740,2-bedroom Capitol Hill Pied-à-terre
31,26795,114228,Entire home/apt,"Seattle, WA, United States",59,4.5,5,2,1,165,20:48.7,47.639526,-122.328379,0101000020E61000005D6C5A2904955EC08978EBFCDBD14740,Lake Union Cottage - Shore and Cityview
32,30712,107605,Entire home/apt,"Seattle, WA, United States",85,4,3,1,1,75,05:19.6,47.678901,-122.381863,0101000020E61000005B23827170985EC0611C5C3AE6D64740,Cozy Ballard Apartment
33,37234,160789,Entire home/apt,"Seattle, WA, United States",3,4,2,1,1,85,09:28.4,47.688048,-122.39231,0101000020E610000033F9669B1B995EC0030AF5F411D84740,Your Home Away From Home.  Private Parking onsite.
34,38338,164430,Entire home/apt,"Kirkland, WA, United States",55,5,2,1,1,125,55:07.5,47.687503,-122.200172,0101000020E6100000CB64389ECF8C5EC071732A1900D84740,Quiet MIL in downtown Kirkland
35,38545,165390,Entire home/apt,"Seattle, WA, United States",93,5,8,3,2.5,295,15:00.3,47.65324,-122.341553,0101000020E610000072361D01DC955EC032384A5E9DD34740,"en-suite, fireplace,chef kitchen. no car needed!"
37,41401,180441,Entire home/apt,"Seattle, WA, United States",28,5,4,1,1,95,08:45.3,47.560349,-122.314023,0101000020E610000047CCECF318945EC054AC1A84B9C74740,Home Away From Home - MIL Suite    
38,43373,189356,Private room,"Seattle, WA, United States",228,4.5,2,,1,44,10:05.6,47.650552,-122.330589,0101000020E6100000B6DAC35E28955EC0772CB64945D34740,Big sunny central house with view!
39,47491,215230,Private room,"Seattle, WA, United States",43,4.5,1,1,1,60,03:40.2,47.692465,-122.286884,0101000020E6100000B96FB54E5C925EC0F44F70B1A2D84740,Tranquil Rooms at Maple Creek House
40,48848,212404,Entire home/apt,"Seattle, WA, United States",39,5,2,1,1,110,57:16.9,47.671587,-122.259947,0101000020E61000005FECBDF8A2905EC09AB51490F6D54740,green suite seattle - dog friendly
41,51748,91519,Private room,"Bellevue, WA, United States",6,3,1,,1,75,39:13.3,47.609575,-122.120515,0101000020E61000005BEB8B84B6875EC0C7BAB88D06CE4740,"Fully Furnished Room ""B"""
42,52525,215230,Private room,"Seattle, WA, United States",29,4.5,1,1,1,40,03:40.7,47.692701,-122.285479,0101000020E6100000772CB64945925EC00874266DAAD84740,Maple Creek House in Wedgwood
43,58503,157262,Entire home/apt,"Seattle, WA, United States",217,4.5,4,2,1,62,58:37.0,47.679467,-122.3566,0101000020E61000003B70CE88D2965EC00ADB4FC6F8D64740,Spacious Private Daylight Basement Apartment
44,63733,311363,Entire home/apt,"Seattle, WA, United States",213,5,2,,1,79,05:54.3,47.671714,-122.365888,0101000020E6100000ED7F80B56A975EC0F7216FB9FAD54740,Seattle- Ballard Guestsuite -
45,66540,215230,Private room,"Seattle, WA, United States",25,5,1,1,1,50,03:40.2,47.694208,-122.286249,0101000020E6100000D06053E751925EC0904FC8CEDBD84740,Large Tranquil Room in Wedgwood
46,66611,215230,Private room,"Seattle, WA, United States",24,4.5,1,1,1,40,01:19.5,47.692815,-122.285336,0101000020E6100000C617EDF142925EC0D1967329AED84740,Study Den in Tranquil Setting
47,67270,331573,Private room,"Seattle, WA, United States",178,5,2,,1,70,08:45.3,47.561681,-122.272123,0101000020E6100000525F96766A915EC06DE4BA29E5C74740,"Light and airy, steps to the Lake."
48,69004,75946,Private room,"Redmond, WA, United States",5,3,2,1,1,100,57:33.4,47.661317,-122.130755,0101000020E61000007632384A5E885EC0F8A41309A6D44740,Master BDR private Bath & SPA
49,76565,232785,Private room,"Seattle, WA, United States",10,4.5,2,1,1,55,12:46.5,47.547002,-122.354441,0101000020E610000023D74D29AF965EC05D6C5A2904C64740,Quiet Room in West Seattle
50,78963,75946,Private room,"Redmond, WA, United States",7,4.5,1,,1.5,30,57:33.4,47.662076,-122.132483,0101000020E6100000A911FA997A885EC0B6BB07E8BED44740,★★★★★★MS Redmond RM6
51,78965,75946,Private room,"Redmond, WA, United States",14,5,1,1,1.5,33,53:33.8,47.6624,-122.131469,0101000020E610000005DCF3FC69885EC0696FF085C9D44740,★★★Microsoft Redmond RM3
52,78969,75946,Private room,"Redmond, WA, United States",7,4,1,,1.5,33,58:05.5,47.660809,-122.131052,0101000020E6100000D384ED2763885EC084F3A96395D44740,★★★★★ Microsoft Redmond RM5
53,78975,75946,Private room,"Redmond, WA, United States",4,5,1,1,2,35,58:05.5,47.660885,-122.132493,0101000020E6100000BB7CEBC37A885EC05FB532E197D44740,★★★★★★★★Microsoft Redmond RM8
54,78980,75946,Private room,"Redmond, WA, United States",10,4.5,1,1,1.5,33,57:33.4,47.661039,-122.132152,0101000020E61000007786A92D75885EC0B6300BED9CD44740,★★Microsoft Redmond RM2
55,79321,427101,Private room,"Bellevue, WA, United States",76,5,2,1,1,55,58:05.5,47.616533,-122.135776,0101000020E61000003BE5D18DB0885EC0CFF3A78DEACE4740,"Bellevue, WA room w/ toilet & bath"
56,86185,192355,Private room,"Seattle, WA, United States",63,4.5,2,1,1,65,05:14.6,47.582392,-122.394478,0101000020E6100000753FA7203F995EC0DCB930D28BCA4740,West Seattle: Admiral calm & quiet
57,103908,541406,Entire home/apt,"Seattle, WA, United States",17,4.5,4,1,1,200,04:35.9,47.684273,-122.326616,0101000020E61000006C96CB46E7945EC09544F64196D74740,Green Lake Gem - Walk to Lake
58,103920,541406,Entire home/apt,"Seattle, WA, United States",19,4.5,6,2,1,200,04:19.9,47.684157,-122.325972,0101000020E610000059DAA9B9DC945EC02C2AE27492D74740,Green Lake Spacious Two Bedrooms - Walk to Lake!
59,107884,331494,Entire home/apt,"Seattle, WA, United States",114,5,3,1,1,75,42:59.5,47.579996,-122.402045,0101000020E61000004DA1F31ABB995EC0C9E7154F3DCA4740,West Seattle/Alki Beach House
60,107962,112093,Entire home/apt,"Seattle, WA, United States",219,5,2,1,1,120,59:53.4,47.714885,-122.332964,0101000020E6100000B4AF3C484F955EC053B3075A81DB4740,Haller Lake Restored Log Cabin
61,108765,541908,Entire home/apt,"Seattle, WA, United States",57,5,2,1,1,115,08:23.9,47.552566,-122.30435,0101000020E610000068226C787A935EC0D670917BBAC64740,Beacon Hill Cottage in the City
62,116221,587302,Entire home/apt,"Seattle, WA, United States",38,5,2,1,1,135,29:03.3,47.654371,-122.357454,0101000020E6100000C3F4BD86E0965EC0B439CE6DC2D34740,"Modern, Light-Filled Fremont Flat"
63,117165,559827,Private room,"Seattle, WA, United States",126,5,2,1,1,100,05:10.4,47.568739,-122.406488,0101000020E6100000DA8D3EE6039A5EC0D97A8670CCC84740,Suite+Office in Gorgeous View Home
64,119103,601600,Entire home/apt,"Seattle, WA, United States",350,5,3,1,1,79,27:24.8,47.652309,-122.350005,0101000020E6100000EF1B5F7B66965EC078F17EDC7ED34740,Teeny Tiny Guestyhouse!
65,132120,378445,Entire home/apt,"Seattle, WA, United States",88,5,4,1,1,64,12:43.7,47.669228,-122.335174,0101000020E61000000C1EA67D73955EC0A3C85A43A9D54740,Mother-in-Law Apartment in Seattle
66,132160,558743,Entire home/apt,"Seattle, WA, United States",244,5,6,2,1,90,59:21.3,47.682261,-122.34345,0101000020E6100000EB73B515FB955EC00A2B155454D74740,"Green Lake Guest Suite, private apt"
67,134091,658155,Entire home/apt,"Seattle, WA, United States",152,5,4,1,1,90,25:09.0,47.62254,-122.317085,0101000020E61000005743E21E4B945EC0D6390664AFCF4740,Vintage Capitol Hill - 1 Pkg Spot
68,136480,539515,Private room,"Seattle, WA, United States",56,5,2,1,1,85,40:40.1,47.555084,-122.264553,0101000020E6100000C2C3B46FEE905EC0354415FE0CC74740,Bright Cheery Room in Seattle House
69,140331,683617,Private room,"Seattle, WA, United States",140,5,2,,1,75,16:00.3,47.618939,-122.292123,0101000020E610000034DAAA24B2925EC0069CA56439CF4740,Metrobilly Retreat
70,143580,594315,Private room,"Seattle, WA, United States",347,4.5,2,,,82,44:55.3,47.583787,-122.31677,0101000020E6100000A796ADF545945EC03C6A4C88B9CA4740,N. Beacon Hill- Super Private Room
71,143704,696788,Entire home/apt,"Seattle, WA, United States",338,5,3,1,1,55,45:37.8,47.612313,-122.298252,0101000020E6100000DD7D8E8F16935EC034F5BA4560CE4740,"Private 1BR, Parking, Eco-Cleaned, 5% to Charity"
72,151545,306615,Entire home/apt,"Seattle, WA, United States",13,3.5,5,2,1.5,125,12:55.0,47.650623,-122.320076,0101000020E6100000020F0C207C945EC041834D9D47D34740,Seattle 3 Bed Charmer w/Holiday Ships on the Bay!
73,152568,734114,Entire home/apt,"Mercer Island, WA, United States",2,,10,3,4.5,5900,39:23.6,47.59259,-122.246703,0101000020E6100000CE3461FBC98F5EC0E4F736FDD9CB4740,Luxury Waterfront Mansion
74,158345,759949,Private room,"Seattle, WA, United States",412,5,2,1,1,55,59:11.6,47.669921,-122.401464,0101000020E61000005EA10F96B1995EC0AAF3A8F8BFD54740,Restful Room in W. Ballard-NO cleaning fee!
75,162563,776719,Private room,"Seattle, WA, United States",9,5,1,1,1,120,53:21.4,47.612942,-122.312636,0101000020E610000058E36C3A02945EC0232C2AE274CE4740,Quiet Clean and safe neighborhood
76,170273,804996,Entire home/apt,"Seattle, WA, United States",201,5,7,3,2.5,179,33:17.1,47.627674,-122.358611,0101000020E6100000183F8D7BF3965EC05646239F57D04740,Stroll to Stunning Views from a Historic Home
77,170469,756099,Private room,"Seattle, WA, United States",84,5,2,1,1,70,05:42.9,47.678299,-122.374931,0101000020E61000006CD097DEFE975EC06BF46A80D2D64740,Private Bed & Bath in Ballard
78,173896,830508,Private room,"Seattle, WA, United States",274,5,2,,1,50,05:16.4,47.672345,-122.39892,0101000020E61000001A6EC0E787995EC08750A5660FD64740,Cozy in Ballard: Detached Bedroom en Suite
79,174636,834328,Private room,"Seattle, WA, United States",36,5,3,,1,85,40:55.7,47.511457,-122.256081,0101000020E6100000200890A163905EC0B727486C77C14740,"2 Rooms available, view of the lake"
80,175576,239585,Entire home/apt,"Seattle, WA, United States",279,5,2,1,1,85,33:12.0,47.635482,-122.358478,0101000020E61000007995B54DF1965EC02D99637957D14740,Private Apartment - Queen Anne Hill
82,189156,179030,Entire home/apt,"Seattle, WA, United States",254,5,2,,1,59,42:50.1,47.545431,-122.397837,0101000020E6100000E108522976995EC0BF9CD9AED0C54740,Sweet Studio -Water & Mountain view
83,189219,912871,Private room,"Redmond, WA, United States",111,4.5,2,1,1,85,55:03.3,47.693384,-122.130263,0101000020E61000003F389F3A56885EC0EBC891CEC0D84740,Private home near Microsoft/Redmond
84,190984,923095,Entire home/apt,"Seattle, WA, United States",152,4.5,2,,1,72,08:06.5,47.552842,-122.277894,0101000020E61000004C70EA03C9915EC078EDD286C3C64740,Home in Hillman City - large studio & free parking
85,191795,928106,Entire home/apt,"Kirkland, WA, United States",2,,12,4,2.5,250,57:04.8,47.722114,-122.222447,0101000020E6100000F98557923C8E5EC0EBFD463B6EDC4740,"*Fully Stocked, Spacious 4BR Home*"
86,193836,583579,Entire home/apt,"Seattle, WA, United States",164,4.5,5,1,1,89,11:28.7,47.535701,-122.386312,0101000020E61000005A83F755B9985EC09EB7B1D991C44740,Spacious Suite Near Lincoln Park in West Seattle
87,201550,986136,Entire home/apt,"Redmond, WA, United States",139,5,2,1,1,105,54:25.0,47.676552,-122.137596,0101000020E6100000DE03745FCE885EC08E05854199D64740,Modern apartment w. access to gym
88,202251,601266,Entire home/apt,"Seattle, WA, United States",22,4.5,6,3,1,225,07:48.2,47.677705,-122.359839,0101000020E6100000D234289A07975EC0F8AA9509BFD64740,Seattle Phinney Ridge Ballard
89,210316,2438665,Private room,"Seattle, WA, United States",67,5,2,1,4,54,05:39.1,47.699898,-122.366142,0101000020E61000004AECDADE6E975EC09544F64196D94740,"""THE 5-STAR HOUSE"""
90,215882,971336,Entire home/apt,"Seattle, WA, United States",338,5,2,1,1,84,08:23.8,47.561297,-122.281219,0101000020E6100000E200FA7DFF915EC0E52B8194D8C74740,Relaxing Garden Cottage w/ Hot Tub!
91,217142,8243075,Entire home/apt,"Seattle, WA, United States",132,5,7,2,2,159,59:45.2,47.615339,-122.347905,0101000020E61000005A47551344965EC0077AA86DC3CE4740,LOCATION! Family SPACIOUS 2BD/2BA PRKG FREE WiFi
92,218741,468703,Private room,"Seattle, WA, United States",131,5,3,1,1,90,07:31.1,47.682309,-122.37875,0101000020E61000000AD7A3703D985EC01B62BCE655D74740,"Private, Large Room+Bath in Ballard"
93,219532,1037115,Entire home/apt,"Seattle, WA, United States",76,4.5,6,3,1.5,275,29:38.1,47.655891,-122.36055,0101000020E6100000A9A44E4013975EC0D05E7D3CF4D34740,"Fun home in Funky Fremont, Seattle"
94,222885,72845,Private room,"Seattle, WA, United States",30,5,2,,1,75,08:29.2,47.675747,-122.357389,0101000020E6100000CFBC1C76DF965EC060AFB0E07ED64740,Gluten Free on Phinney Ridge
95,224763,8243075,Entire home/apt,"Seattle, WA, United States",88,4.5,4,1,1,119,58:33.9,47.61386,-122.348787,0101000020E61000004791B58652965EC04A29E8F692CE4740,"Location! Sleeps 4 WiFi  Luxurious, Parking Inc!"
96,225820,72845,Private room,"Seattle, WA, United States",83,5,5,2,1,90,08:29.2,47.677809,-122.358621,0101000020E61000002AAA7EA5F3965EC09DF7FF71C2D64740,Family Friendly on Phinney Ridge
97,226495,1037115,Entire home/apt,"Seattle, WA, United States",81,4.5,6,2,1,150,08:00.8,47.690487,-122.369019,0101000020E61000009126DE019E975EC015A8C5E061D84740,"Fun apartment in Ballard, Seattle"
98,226536,209571,Private room,"Seattle, WA, United States",167,5,2,1,1,36,27:01.9,47.661197,-122.401446,0101000020E61000000B47904AB1995EC04E9B711AA2D44740,Serene Room in Sunny Cottage near Discovery Park
99,226677,30559,Private room,"Seattle, WA, United States",132,5,2,1,3,45,08:27.6,47.550617,-122.318268,0101000020E610000041D7BE805E945EC092CF2B9E7AC64740,Sunny Parisian beauty room w/ comfy bed
100,227636,1187351,Entire home/apt,"Seattle, WA, United States",210,5,3,1,1,85,28:13.7,47.668071,-122.362086,0101000020E6100000BA15C26A2C975EC0F833BC5983D54740,Large Ballard/Fremont apartment
101,229990,1201633,Entire home/apt,"Seattle, WA, United States",1,,9,2,2,150,05:13.6,47.578229,-122.411812,0101000020E61000006C06B8205B9A5EC0A54C6A6803CA4740,Alki Beach 1/2 block to beach
102,231097,990692,Private room,"Seattle, WA, United States",142,5,2,1,1,54,02:17.3,47.70639,-122.280746,0101000020E6100000E61E12BEF7915EC0581CCEFC6ADA4740,Peaceful NE Seattle guest room
103,233502,1215564,Private room,"Seattle, WA, United States",1,,2,,1,60,05:14.6,47.573266,-122.374361,0101000020E610000076F9D687F5975EC051F4C0C760C94740,West Seattle room with private bath
104,241016,956883,Entire home/apt,"Seattle, WA, United States",82,5,5,3,1,99,29:40.6,47.643286,-122.375819,0101000020E6100000CA8D226B0D985EC0C2FC153257D24740,Scandinavian Queen Anne Home
105,241032,956883,Entire home/apt,"Seattle, WA, United States",285,4.5,4,1,1,175,35:00.5,47.636289,-122.371025,0101000020E6100000E63FA4DFBE975EC0FBE6FEEA71D14740,Stylish Queen Anne Apartment
106,251922,512084,Entire home/apt,"Seattle, WA, United States",208,5,4,2,1,78,04:51.9,47.581433,-122.394109,0101000020E6100000CB83F41439995EC057E883656CCA4740,"Sleepy North Admiral, West Seattle"
107,254012,1334187,Entire home/apt,"Kirkland, WA, United States",178,5,2,1,2,160,53:55.0,47.681471,-122.195685,0101000020E610000056D4601A868C5EC0121615713AD74740,Downtown Kirkland Cottage
108,254340,1336214,Entire home/apt,"Seattle, WA, United States",148,5,2,1,1,85,07:35.4,47.677166,-122.361693,0101000020E61000004C8C65FA25975EC048FB1F60ADD64740,Phinney Oasis-Ballard/Phinney
109,260613,1387754,Entire home/apt,"Seattle, WA, United States",45,5,2,1,1,95,07:30.1,47.68649,-122.368462,0101000020E610000066F4A3E194975EC0F98381E7DED74740,Modern & New MIL Apt. in N. Ballard
110,261912,558743,Entire home/apt,"Seattle, WA, United States",30,5,4,2,1,150,01:40.4,47.683781,-122.342013,0101000020E6100000A3737E8AE3955EC02750C42286D74740,"Storybook Tudor, house at GreenLake"
111,264829,862329,Entire home/apt,"Seattle, WA, United States",47,4.5,7,2,1,87,03:13.9,47.575291,-122.302049,0101000020E6100000873254C554935EC07157AF22A3C94740,2bed Rm Inner City Suite Near Dwtn
112,271509,74305,Entire home/apt,"Seattle, WA, United States",65,5,6,2,1,186,26:22.4,47.614845,-122.347534,0101000020E6100000E00F3FFF3D965EC0F88DAF3DB3CE4740,★Harbor&City Views!★SALE 12/21
113,277416,8243075,Entire home/apt,"Seattle, WA, United States",101,5,4,,1,129,26:19.1,47.616075,-122.346677,0101000020E6100000A051BAF42F965EC00D71AC8BDBCE4740,Near Space Needle! Sunny 1 bd/1 ba WiFi CLEAN Prkg
114,278830,1452570,Entire home/apt,"Seattle, WA, United States",68,4.5,6,3,2,279,33:16.5,47.632918,-122.372471,0101000020E610000057ED9A90D6975EC05D86FF7403D14740,Charming Craftsman house
115,281208,658155,Entire home/apt,"Seattle, WA, United States",147,5,6,2,2.5,100,46:12.2,47.594711,-122.305588,0101000020E61000003483F8C08E935EC025C9737D1FCC4740,"Luxury, Location, Great For Family"
116,281789,31509,Private room,"Seattle, WA, United States",52,5,2,1,1,99,19:31.7,47.619883,-122.319613,0101000020E61000001898158A74945EC0562C7E5358CF4740,11th Avenue Inn Bed and Breakfast
117,282934,781716,Entire home/apt,"Seattle, WA, United States",89,5,2,1,1,140,29:19.9,47.657589,-122.354376,0101000020E6100000309FAC18AE965EC0CC9A58E02BD44740,Seattle Sojourn Guest Suite near Lighthouse Roasters
118,284087,721070,Entire home/apt,"Seattle, WA, United States",157,5,6,2,1,155,53:51.7,47.611481,-122.329121,0101000020E610000051DB865110955EC00C90680245CE4740,The Nest in the Heart of the City
119,286080,74305,Entire home/apt,"Seattle, WA, United States",81,4.5,6,2,2,167,59:39.2,47.614616,-122.34803,0101000020E6100000B8019F1F46965EC096CCB1BCABCE4740,12/18-19★2Bed Sleep 6/Heart of Downtown Seattle
120,301059,74305,Entire home/apt,"Seattle, WA, United States",44,5,4,1,1,124,58:49.7,47.614471,-122.348145,0101000020E61000000551F70148965EC093AB58FCA6CE4740,1/3-9✶ Belltown-Fantastic View
121,303277,1204187,Entire home/apt,"Seattle, WA, United States",8,4,2,2,1,104,14:48.7,47.64481,-122.324285,0101000020E61000005665DF15C1945EC01F11532289D24740,Hip Condo Private Deck East Lake Union - Long Term
122,317248,658155,Entire home/apt,"Seattle, WA, United States",147,5,7,2,2,120,23:30.4,47.62254,-122.317085,0101000020E61000005743E21E4B945EC0D6390664AFCF4740,Historic Seattle Home Designed for Modern Living
123,318475,1634441,Entire home/apt,"Seattle, WA, United States",122,5,2,,1.5,130,29:02.6,47.656334,-122.349978,0101000020E61000007214200A66965EC05EA0A4C002D44740,Center of the universe Fremont Flat
124,338091,1717589,Entire home/apt,"Seattle, WA, United States",116,4.5,4,1,1,220,25:21.4,47.618971,-122.324207,0101000020E61000009888B7CEBF945EC0121615713ACF4740,"spacious, great location w view"
125,340706,1015653,Entire home/apt,"Seattle, WA, United States",183,5,4,1,1,90,12:34.3,47.655885,-122.332136,0101000020E6100000C1745AB741955EC0EE77280AF4D34740,Charming Wallingford Apartment
126,340738,1729224,Entire home/apt,"Seattle, WA, United States",0,,2,1,1,195,16:13.6,47.623443,-122.306587,0101000020E61000003D98141F9F935EC0C7F5EFFACCCF4740,Victorian home on Capitol Hill
127,341454,1732181,Entire home/apt,"Seattle, WA, United States",49,5,4,2,1,150,52:59.4,47.611366,-122.311188,0101000020E610000017BA1281EA935EC073F1B73D41CE4740,"Cool 2BR Flat w/Private Balcony, City Views"
128,353039,1787819,Entire home/apt,"Seattle, WA, United States",46,5,4,1,1,114,53:51.7,47.614006,-122.32235,0101000020E610000066F7E461A1945EC01EC6A4BF97CE4740,St. John's Apt. 300 *Walkscore 99*
129,353110,1788284,Entire home/apt,"Seattle, WA, United States",69,5,5,1,1,80,04:41.8,47.580029,-122.390251,0101000020E6100000CE8E54DFF9985EC0A5DDE8633ECA4740,West Seattle Backyard Vacation Cottage
130,356248,306615,Entire home/apt,"Seattle, WA, United States",21,5,4,2,1,149,14:48.7,47.650471,-122.320221,0101000020E6100000849F38807E945EC08BFF3BA242D34740,Seattle 2BR Charmer with Holiday Ships on the Bay!
131,356608,1787819,Entire home/apt,"Seattle, WA, United States",101,5,6,2,2,166,53:52.4,47.614006,-122.32235,0101000020E610000066F7E461A1945EC01EC6A4BF97CE4740,St. John's Apt. 309 *Walkscore 99*
132,368403,4186078,Entire home/apt,"Seattle, WA, United States",28,5,16,6,3,350,04:32.0,47.683545,-122.330911,0101000020E6100000BFB854A52D955EC0132C0E677ED74740,Large Luxury Lakeside Seattle Home
133,370361,1865986,Private room,"Seattle, WA, United States",193,5,2,1,1,55,05:19.6,47.683483,-122.357054,0101000020E6100000FC3905F9D9965EC09D2FF65E7CD74740,Private Guest Studio- Phinney Ridge
134,384797,50893,Entire home/apt,"Seattle, WA, United States",43,5,16,6,2.5,475,24:56.9,47.625698,-122.320954,0101000020E61000004E61A5828A945EC018963FDF16D04740,6 room/10 bed/3 bath- Tree and Lights Included
135,387078,1121532,Entire home/apt,"Seattle, WA, United States",141,5,4,,1,119,25:21.4,47.621778,-122.323787,0101000020E6100000ADF71BEDB8945EC0A7AFE76B96CF4740,Modern on Capitol Hill. LOCATION!
136,387464,1938802,Entire home/apt,"Seattle, WA, United States",210,5,2,1,1,80,03:40.2,47.676753,-122.293972,0101000020E6100000247CEF6FD0925EC0253CA1D79FD64740,Backyard Studio Apartment near UW
137,392140,3313235,Private room,"Seattle, WA, United States",234,5,2,1,1,68,03:22.1,47.58513,-122.315261,0101000020E6100000132D793C2D945EC049F4328AE5CA4740,Fantastic View-Close to Light Rail-Solar Powered!
138,392779,437055,Entire home/apt,"Seattle, WA, United States",124,5,4,2,1,101,03:22.1,47.575769,-122.316362,0101000020E61000009EEC66463F945EC07B8670CCB2C94740,2/1 Plush Modern Hilltop Retreat
139,394408,1971733,Entire home/apt,"Seattle, WA, United States",48,4.5,4,2,2,150,29:42.3,47.658107,-122.357389,0101000020E6100000CFBC1C76DF965EC06422A5D93CD44740,Sweet home in the heart of Fremont
140,397152,496809,Private room,"Seattle, WA, United States",13,3.5,2,1,1,75,14:39.4,47.659892,-122.330429,0101000020E61000009929ADBF25955EC02E724F5777D44740,Charming Bungalow Awaits You!
141,408526,2034501,Entire home/apt,"Seattle, WA, United States",0,,7,3,4,218,09:01.9,47.675533,-122.376324,0101000020E6100000CB2C42B115985EC0342F87DD77D64740,Chic 3 bed 4 bath Ballard townhome
142,413733,2057654,Entire home/apt,"Seattle, WA, United States",138,5,5,2,1,125,45:45.1,47.60907,-122.296133,0101000020E61000000C91D3D7F3925EC0C47C7901F6CD4740,Chill Central District 2BR
143,424624,737323,Entire home/apt,"Bellevue, WA, United States",69,5,2,1,1,99,38:00.3,47.595502,-122.133128,0101000020E6100000A48B4D2B85885EC0EF59D76839CC4740,"Bellevue retreat, 10min to Seattle"
144,430609,165390,Entire home/apt,"Seattle, WA, United States",46,5,8,3,2.5,229,12:55.0,47.658459,-122.34819,0101000020E6100000D5B2B5BE48965EC0E1606F6248D44740,"Fresh & hip. 3br/2.5ba deck, bright, walk to all!."
145,430610,165390,Entire home/apt,"Seattle, WA, United States",93,5,8,3,3,247,12:55.0,47.653557,-122.339516,0101000020E6100000001E51A1BA955EC033897AC1A7D34740,"modern,super roof deck, garage,88 walkscore."
146,443942,64955,Entire home/apt,"Seattle, WA, United States",33,4.5,2,1,1,125,26:12.9,47.615828,-122.340777,0101000020E6100000A88E554ACF955EC005FBAF73D3CE4740,Stunning downtown flat top floor with internet
147,445199,2211872,Private room,"Seattle, WA, United States",96,5,2,1,1,80,05:13.6,47.569658,-122.361711,0101000020E61000009FE6E44526975EC0CFF3A78DEAC84740,The Chandelier Room
148,447523,2222321,Private room,"Seattle, WA, United States",178,5,2,1,1,50,03:40.2,47.685232,-122.289435,0101000020E610000056D4601A86925EC01A16A3AEB5D74740,Bedroom in artistic Northwest home
149,451012,2234071,Entire home/apt,"Seattle, WA, United States",2,,6,3,2,195,06:33.3,47.713518,-122.358735,0101000020E61000008E3BA583F5965EC0BD8DCD8E54DB4740,Spacious house near Ballard 
150,461234,1870781,Entire home/apt,"Seattle, WA, United States",244,5,2,,1,99,05:37.0,47.683941,-122.373046,0101000020E6100000D57954FCDF975EC05FB2F1608BD74740,Browns House Guest Apt. in Ballard
151,461567,2294267,Private room,"Seattle, WA, United States",261,5,3,1,1,70,05:19.7,47.69736,-122.376222,0101000020E61000004982700514985EC0F0C4AC1743D94740,MODERN BRIGHT SUITE CLOSE TO BALLARD
152,475361,2342082,Entire home/apt,"Seattle, WA, United States",114,5,2,1,1,76,02:13.7,47.717962,-122.291141,0101000020E61000009561DC0DA2925EC0A8E2C62DE6DB4740,NE Seattle Artist Treehouse Suite!
153,483592,75946,Private room,"Redmond, WA, United States",10,4.5,1,,1,30,58:05.5,47.661073,-122.131011,0101000020E6100000A41AF67B62885EC062A2410A9ED44740,★★★★★★★MS Redmond RM7
154,490076,3921530,Entire home/apt,"Seattle, WA, United States",275,4.5,3,1,1,70,27:27.9,47.654298,-122.352589,0101000020E61000007AFB73D190965EC04AEB6F09C0D34740,Super cute w/gardens & charm. Great location!
155,491958,2431399,Entire home/apt,"Seattle, WA, United States",298,5,4,1,1,75,07:20.7,47.560511,-122.278948,0101000020E61000003752B648DA915EC02D060FD3BEC74740,Columbia City Treehouse Vacation Rental
156,493591,2438665,Private room,"Seattle, WA, United States",158,5,2,,4,53,05:44.1,47.702954,-122.368612,0101000020E6100000713AC95697975EC0D34B8C65FAD94740,"""THE 5-STAR  HOUSE"""
157,496074,2450062,Entire home/apt,"Seattle, WA, United States",141,4.5,4,1,1,95,07:35.4,47.678046,-122.360426,0101000020E610000033A8363811975EC081971936CAD64740,Spacious Garden Apt Phinney Ridge
158,506542,1414691,Entire home/apt,"Seattle, WA, United States",163,5,4,,1,91,12:37.0,47.658539,-122.325818,0101000020E6100000AE9CBD33DA945EC0FD1186014BD44740,"Garden apt, fresh honey"
159,515598,2539613,Private room,"Seattle, WA, United States",22,5,2,1,2,45,06:35.9,47.569991,-122.360714,0101000020E6100000664D2CF015975EC0D6011077F5C84740,"Townhouse 15 min fr. Downtown, Alki 2"
160,522270,1037115,Entire home/apt,"Seattle, WA, United States",18,5,2,1,1,135,21:04.4,47.637318,-122.340492,0101000020E61000002D23F59ECA955EC07993DFA293D14740,House boat on Lake Union Seattle
161,527273,2539613,Private room,"Seattle, WA, United States",26,5,2,,2,45,06:35.9,47.568856,-122.361844,0101000020E61000003F90BC7328975EC01211FE45D0C84740,"Townhouse 15 min fr Downtown, Alki 1"
162,544433,2612779,Entire home/apt,"Seattle, WA, United States",398,5,2,1,1,95,27:36.9,47.620818,-122.356335,0101000020E6100000E4DA5031CE965EC05262D7F676CF4740,"8, Sparkling Seattle Center"
163,552325,306615,Entire home/apt,"Seattle, WA, United States",7,4,4,2,1,149,12:47.8,47.650425,-122.320206,0101000020E6100000E97E4E417E945EC01AC05B2041D34740,Super Charming 2 BR Apt w/Amazing Water Views!
164,555182,2222321,Entire home/apt,"Seattle, WA, United States",18,4.5,6,3,1,275,03:40.2,47.683623,-122.288278,0101000020E6100000018A912573925EC08EE55DF580D74740,Artistic Seattle home..whole house
165,557126,2739131,Private room,"Seattle, WA, United States",336,5,2,1,1,91,23:10.8,47.619677,-122.324147,0101000020E61000002D060FD3BE945EC0AD8A709351CF4740,Charming Capitol Hill Room
166,564220,2774354,Private room,"Seattle, WA, United States",110,4.5,2,1,1,41,42:22.0,47.579165,-122.292119,0101000020E610000093E2E313B2925EC072FE261422CA4740,Cute Bungalow #2 - near Light Rail
167,564428,2774354,Private room,"Seattle, WA, United States",230,4.5,2,1,1,47,02:41.3,47.579554,-122.293686,0101000020E6100000C1525DC0CB925EC00C2252D32ECA4740,Cute Bungalow #1 - near Light Rail
168,565703,2781551,Entire home/apt,"Seattle, WA, United States",302,4.5,4,2,1,70,17:25.1,47.62125,-122.296967,0101000020E6100000703FE08101935EC0EC51B81E85CF4740,Garden Apartment in Madison Valley
169,566435,2438665,Private room,"Seattle, WA, United States",89,5,2,,4,52,05:37.0,47.701551,-122.366511,0101000020E6100000F4A78DEA74975EC0F1BC546CCCD94740,"""THE 5-STAR HOUSE"" "
170,568421,2665911,Entire home/apt,"Redmond, WA, United States",125,5,3,1,1,55,53:51.1,47.679583,-122.116795,0101000020E61000008655BC9179875EC073F56393FCD64740,Cozy 1 Bdrm Suite w/Patio - Redmond
171,573677,2111792,Entire home/apt,"Bellevue, WA, United States",113,5,2,3,2,100,55:03.3,47.645242,-122.158847,0101000020E610000055849B8C2A8A5EC0B900344A97D24740,Aloha Retreat with Artist Studio
172,573942,30559,Private room,"Seattle, WA, United States",142,5,2,1,3,50,08:02.6,47.550037,-122.317421,0101000020E610000012842BA050945EC0844BC79C67C64740,Queen Bee room w/memory foam bed
173,580815,1787819,Entire home/apt,"Seattle, WA, United States",45,5,2,1,1,89,53:44.8,47.613895,-122.322281,0101000020E6100000D2C77C40A0945EC0C616821C94CE4740,St. John's Apt. 319 *Walkscore 99*
174,598023,2613029,Private room,"Seattle, WA, United States",13,5,1,1,1,79,05:14.6,47.562206,-122.385978,0101000020E61000006EBE11DDB3985EC0B8CEBF5DF6C74740,West Seattle Home near Junction
175,604600,103427,Entire home/apt,"Seattle, WA, United States",1,,4,1,1,210,56:46.9,47.614364,-122.331716,0101000020E6100000D6E3BED53A955EC07DEBC37AA3CE4740,condo in seattle
176,606297,862329,Entire home/apt,"Seattle, WA, United States",137,4.5,14,5,3,249,03:06.7,47.577561,-122.304281,0101000020E6100000D4F2035779935EC0F838D384EDC94740,5 Bed 3Bath House Near Downtown SEA
177,609252,3018655,Entire home/apt,"Seattle, WA, United States",2,,4,2,1,275,06:33.3,47.698613,-122.363442,0101000020E61000008BFF3BA242975EC0BDC799266CD94740,"Sans souci in Seattle: Clean, fresh air (4 guests)"
178,609421,3018655,Entire home/apt,"Seattle, WA, United States",13,5,6,2,1,295,06:11.7,47.696562,-122.362751,0101000020E6100000D865F84F37975EC074D190F128D94740,CLEAN FRESH AIR: Sans souci in Seattle (6 guests)
179,609610,3022709,Entire home/apt,"Seattle, WA, United States",22,5,4,1,1,90,03:13.9,47.569615,-122.293955,0101000020E6100000B9DFA128D0925EC0D027F224E9C84740,A place to stay: studio apartment
180,609701,3023407,Entire home/apt,"Seattle, WA, United States",451,5,2,1,1,85,27:22.4,47.656508,-122.360571,0101000020E6100000B438639813975EC0FCC7427408D44740,Charming Fremont Garden Cottage
181,611500,862329,Entire home/apt,"Seattle, WA, United States",40,4,9,3,2,115,03:13.9,47.577271,-122.301857,0101000020E610000065C405A051935EC0F1F62004E4C94740,3Bed 2Bath w/ Deck Near Dwntwn SEA
182,611509,3032548,Private room,"Seattle, WA, United States",73,5,2,1,1,80,14:32.6,47.663695,-122.336225,0101000020E61000003FC6DCB584955EC065C22FF5F3D44740,Craftsman with Private Bath & A/C
183,613020,3040367,Private room,"Seattle, WA, United States",145,5,2,1,1,79,11:28.7,47.518552,-122.391188,0101000020E61000009CA5643909995EC040A374E95FC24740,Fabulous view and Great location
184,635878,3074414,Entire home/apt,"Seattle, WA, United States",28,4,3,,1,89,12:51.7,47.661538,-122.313591,0101000020E61000007A54FCDF11945EC0D787F546ADD44740,Center UW Spacious 2 Beds (203)
185,637710,3181546,Entire home/apt,"Seattle, WA, United States",97,5,8,3,1,240,29:36.4,47.651609,-122.356066,0101000020E6100000EC4D0CC9C9965EC0BF6378EC67D34740,Roots at the Center of the Universe
186,639130,3187723,Entire home/apt,"Seattle, WA, United States",13,4.5,8,4,3,250,46:28.4,47.609749,-122.290109,0101000020E61000009ED1562591925EC065E256410CCE4740,Fabulous home for a family!
189,649243,2308816,Private room,"Seattle, WA, United States",230,5,1,1,3,49,59:32.9,47.655872,-122.356884,0101000020E6100000CD1DFD2FD7965EC05A2E1B9DF3D34740,Room in Seattle's Fremont area
190,654734,3294357,Entire home/apt,"Seattle, WA, United States",74,4.5,4,1,1,165,53:47.3,47.612343,-122.329722,0101000020E610000064B14D2A1A955EC09F77634161CE4740,Gorgeous Downtown/Convention Condo
191,657257,857146,Entire home/apt,"Seattle, WA, United States",3,3.5,4,1,1,140,30:59.2,47.645974,-122.362324,0101000020E610000094A3005130975EC07D08AA46AFD24740,Queen Anne - Close to SPU
192,658540,3319649,Private room,"Seattle, WA, United States",39,5,2,1,1,34,52:00.3,47.603416,-122.308578,0101000020E6100000F790F0BDBF935EC00BF148BC3CCD4740,"AC, Walkable, tv, new bed, noise machine-5"
193,661708,3340441,Entire home/apt,"Seattle, WA, United States",7,5,6,2,2.5,245,16:13.6,47.624234,-122.290419,0101000020E6100000C5C8923996925EC0908653E6E6CF4740,Elegant Madison Park Townhome
194,674113,3401993,Private room,"Seattle, WA, United States",233,5,1,1,1,42,02:41.3,47.568408,-122.286214,0101000020E6100000126A865451925EC07364E597C1C84740,Ethiopian cottage #2
195,677266,30559,Private room,"Seattle, WA, United States",83,4.5,2,1,3,65,10:05.6,47.550411,-122.318565,0101000020E61000009E29745E63945EC0E82D1EDE73C64740,Moulin Rouge room French style double room
196,677365,926885,Entire home/apt,"Seattle, WA, United States",53,5,6,2,1,98,12:10.7,47.529245,-122.358525,0101000020E61000001973D712F2965EC02849D74CBEC34740,Spacious West Seattle Mid Century Modern In-law
197,681866,103825,Private room,"Seattle, WA, United States",28,5,2,1,1,60,48:38.4,47.59243,-122.3019,0101000020E610000065AA605452935EC0AB9509BFD4CB4740,Bright room in Seattle Judkins Park
199,689309,3520873,Private room,"Seattle, WA, United States",10,5,2,1,1,125,06:33.3,47.722727,-122.356684,0101000020E61000006AC020E9D3965EC0D5777E5182DC4740,Elegance and Coziness in Broadview
200,699460,3587674,Private room,"Seattle, WA, United States",223,5,2,1,1,95,07:36.3,47.671691,-122.385239,0101000020E610000033897AC1A7985EC03F027FF8F9D54740,Ballard Artist's Studio
201,703058,1611114,Entire home/apt,"Seattle, WA, United States",140,5,4,2,1,175,12:45.6,47.652434,-122.337853,0101000020E6100000C07630629F955EC0346612F582D34740,True Wallingford Craftsman
202,704764,3620313,Entire home/apt,"Seattle, WA, United States",226,5,5,2,1,130,28:01.4,47.642152,-122.369593,0101000020E610000027F56569A7975EC0CF87670932D24740,Elegant Vintage Craftsman Apartment With Garden
203,706385,2070664,Entire home/apt,"Seattle, WA, United States",389,5,2,1,1,97,09:46.5,47.64339,-122.325822,0101000020E61000004F948444DA945EC06649809A5AD24740,Sky Cabin Apartment with Views
204,707599,2819258,Entire home/apt,"Seattle, WA, United States",69,5,8,3,2.5,255,05:10.4,47.565436,-122.390757,0101000020E6100000B7EBA52902995EC093FDF33460C84740,"A touch of Modern, West Seattle"
205,708774,316200,Entire home/apt,"Seattle, WA, United States",120,5,4,1,1,91,20:23.7,47.639996,-122.32412,0101000020E6100000B0FECF61BE945EC010C99063EBD14740,Clean and Comfortable Eastlake/Lake Union 1 BR
206,710370,1121532,Entire home/apt,"Seattle, WA, United States",19,4.5,6,2,2,199,16:13.6,47.638063,-122.277923,0101000020E610000099F38C7DC9915EC0D2E4620CACD14740,Waterfront Madison Park Villa
207,720742,987658,Entire home/apt,"Seattle, WA, United States",5,3.5,4,2,3,185,30:17.3,47.667456,-122.35988,0101000020E6100000029F1F4608975EC06EC2BD326FD54740,Seattle Sanctuary w/ Olympic View!
208,722537,3731681,Entire home/apt,"Seattle, WA, United States",55,5,6,2,1,175,15:59.5,47.629957,-122.30861,0101000020E6100000FD4D2844C0935EC07171546EA2D04740,Garden Suite in North Capitol Hill
209,723723,3740695,Entire home/apt,"Seattle, WA, United States",50,4.5,1,1,1,155,15:59.6,47.619662,-122.289557,0101000020E6100000FC54151A88925EC077499C1551CF4740,BAMBOO BUNGALOW
210,723846,3737272,Entire home/apt,"Seattle, WA, United States",103,5,3,0,1,90,01:44.0,47.696531,-122.317259,0101000020E61000002657B1F84D945EC039D384ED27D94740,Seattle Cozy Cottage in Maple Leaf
212,741699,2535710,Entire home/apt,"Seattle, WA, United States",190,5,4,2,1,166,08:27.6,47.555463,-122.272184,0101000020E6100000A59F70766B915EC0AC915D6919C74740,Seward Park Zen Retreat 苏厄德公园禅撤退
213,748526,3932149,Entire home/apt,"Seattle, WA, United States",84,4.5,2,1,1,81,07:31.1,47.679447,-122.363549,0101000020E6100000965F066344975EC0C32E8A1EF8D64740,Mother in law studio-Ballard/phinne
214,752483,450548,Entire home/apt,"Seattle, WA, United States",127,5,4,2,2,105,23:10.8,47.619949,-122.31665,0101000020E6100000D1915CFE43945EC00D18247D5ACF4740,Beautiful Capitol Hill Townhouse Near Light Rail!
215,755613,3976886,Private room,"Seattle, WA, United States",80,5,2,1,1,82,03:13.9,47.573754,-122.29272,0101000020E6100000A6B8AAECBB925EC07FF964C570C94740,Gem in Mount Baker Neighborhood
217,757840,3991908,Entire home/apt,"Seattle, WA, United States",261,5,10,4,2.5,250,33:06.9,47.631526,-122.358427,0101000020E610000038C0CC77F0965EC06F490ED8D5D04740,Hilltop House - 1 Block From Queen Anne Ave!
218,760471,2111774,Entire home/apt,"Seattle, WA, United States",36,5,3,1,2.5,200,05:10.4,47.566741,-122.381084,0101000020E6100000D94125AE63985EC0B32616F88AC84740,"Luxury home, panoramic view, and gourmet kitchen"
219,769213,4057441,Entire home/apt,"Seattle, WA, United States",386,5,2,,1,66,44:49.2,47.609032,-122.315481,0101000020E61000009A6038D730945EC0D61BB5C2F4CD4740,Private Garden Apt w/ Soaking Tub
220,778382,1717600,Entire home/apt,"Seattle, WA, United States",14,3,6,2,3,275,20:48.7,47.633769,-122.31195,0101000020E61000002EFF21FDF6935EC0FC1BB4571FD14740,N Cap Hill Modern Mtn View Townhome
221,785830,4142902,Entire home/apt,"Seattle, WA, United States",6,4.5,10,5,3.5,400,46:14.7,47.606737,-122.290088,0101000020E6100000923D42CD90925EC0F722DA8EA9CD4740,Seattle View Home on Lake/Downtown
222,788146,4154214,Private room,"Seattle, WA, United States",27,5,2,1,1.5,68,08:45.3,47.551422,-122.280875,0101000020E6100000E5D022DBF9915EC0C02500FF94C64740,Columbia City~Large room/Arty house
223,789229,1872473,Entire home/apt,"Seattle, WA, United States",111,5,4,1,1,149,02:39.4,47.595828,-122.332346,0101000020E6100000363D282845955EC04205871744CC4740,Designer Loft in Pioneer Square
224,790860,4186082,Entire home/apt,"Seattle, WA, United States",11,5,8,3,1,250,04:33.6,47.68533,-122.324852,0101000020E610000093020B60CA945EC0DD7BB8E4B8D74740,Amazing Green Lake Home
225,793629,4181120,Entire home/apt,"Seattle, WA, United States",247,5,2,1,1,60,44:51.6,47.579067,-122.315388,0101000020E6100000416326512F945EC0AF9811DE1ECA4740,Cheery Seattle House with View
226,794264,3473370,Private room,"Bellevue, WA, United States",138,5,1,1,1,88,52:59.3,47.624101,-122.203553,0101000020E61000002C802903078D5EC05133A48AE2CF4740,Downtown Bellevue + Breakfast
227,796329,3234739,Private room,"Redmond, WA, United States",169,5,2,1,1,50,53:37.2,47.695759,-122.129814,0101000020E6100000072461DF4E885EC0E77283A10ED94740,Private Room & Bath in Redmond  Close to Microsoft
228,797358,4199445,Private room,"Seattle, WA, United States",154,5,2,1,1,42,52:59.3,47.571243,-122.290788,0101000020E61000006F8445459C925EC0D388997D1EC94740,Cozy Old House Near City Center & Light Rail
229,798486,4220970,Private room,"Seattle, WA, United States",39,5,1,1,1,50,08:06.5,47.509961,-122.341976,0101000020E610000015014EEFE2955EC0239EEC6646C14740,Cute Semi-private Nook w/full bed & Beautiful Yard
230,803902,4047435,Entire home/apt,"Seattle, WA, United States",14,5,6,3,1.5,250,05:08.5,47.577286,-122.409172,0101000020E6100000179CC1DF2F9A5EC02638F581E4C94740,Lovely 3-Story Alki Beach Townhome
231,808134,74305,Entire home/apt,"Seattle, WA, United States",63,5,6,2,2,144,58:49.7,47.614502,-122.348206,0101000020E61000005891D10149965EC0CEA96400A8CE4740,Overlook a Tranquil Courtyard at This Urban Retreat
233,823989,12621051,Entire home/apt,"Seattle, WA, United States",182,4.5,8,2,1,69,02:28.0,47.705528,-122.345467,0101000020E610000039B69E211C965EC0C634D3BD4EDA4740,Summer Deals! Sleeps 8.Budget Friendly
234,828298,74305,Entire home/apt,"Seattle, WA, United States",46,4.5,5,2,1,164,56:34.5,47.611855,-122.330491,0101000020E6100000D427B9C326955EC07172BF4351CE4740,★Family Getaway w/ Parking Included★12/14-19
235,838764,1201633,Entire home/apt,"Seattle, WA, United States",28,5,8,2,2,150,05:14.6,47.577008,-122.411667,0101000020E6100000EA758BC0589A5EC0E3C3EC65DBC94740,Alki Beach House in West Seattle
236,841274,4133943,Entire home/apt,"Seattle, WA, United States",99,5,4,1,1,82,02:48.5,47.583572,-122.295901,0101000020E6100000A376BF0AF0925EC03F6EBF7CB2CA4740,Goat Hill House Apartment
237,846763,4421734,Private room,"Seattle, WA, United States",60,5,2,1,1,40,59:53.4,47.681037,-122.309286,0101000020E610000015C78157CB935EC0D82E6D382CD74740,Right at Home in Ravenna
238,867758,1448060,Entire home/apt,"Seattle, WA, United States",0,,4,1,1.5,200,24:58.0,47.623025,-122.320884,0101000020E6100000D2730B5D89945EC092CB7F48BFCF4740,"Gorgeous Capitol Hill loft, walk to everything!"
239,871882,3752089,Entire home/apt,"Bellevue, WA, United States",131,5,2,1,1,160,54:01.1,47.641287,-122.221201,0101000020E6100000EB353D28288E5EC0CB2C42B115D24740,Lovely Yarrow Point Carriage House
240,877203,287172,Private room,"Seattle, WA, United States",62,5,2,,1.5,60,44:49.2,47.600266,-122.299867,0101000020E610000094895B0531935EC04B732B84D5CC4740,In Jimi Hendrix's neighborhood 2
241,879181,287172,Private room,"Seattle, WA, United States",68,5,2,1,1.5,60,45:42.9,47.60051,-122.301994,0101000020E6100000A565A4DE53935EC0E275FD82DDCC4740,In Jimi Hendrix's neighborhood 3
242,890478,4727621,Entire home/apt,"Mercer Island, WA, United States",0,,8,4,4,650,40:55.7,47.529185,-122.222475,0101000020E61000005E4BC8073D8E5EC052448655BCC34740,Mercer Island  waterfront Villa
243,890677,4729705,Entire home/apt,"Seattle, WA, United States",89,5,6,2,2.5,172,23:30.5,47.623302,-122.319976,0101000020E610000050E09D7C7A945EC005C4245CC8CF4740,"Quiet, central location in Seattle"
245,902243,8243075,Entire home/apt,"Seattle, WA, United States",56,5,7,2,2,159,26:52.5,47.615969,-122.345089,0101000020E6100000664D2CF015965EC0C72C7B12D8CE4740,"LOCATION! WiFi, Pool,Luxury 2br/2ba/LOCATION PRKG!"
246,902609,3264544,Entire home/apt,"Seattle, WA, United States",178,5,3,1,1,45,11:21.4,47.523827,-122.352867,0101000020E61000009C35785F95965EC082E15CC30CC34740,Private studio in Seattle
247,904057,4678869,Entire home/apt,"Seattle, WA, United States",295,5,3,,1,60,58:35.2,47.665391,-122.366099,0101000020E61000004B06802A6E975EC0C00644882BD54740,Seattle Mini Home with Hot Tub and Private Deck
248,909102,1881431,Private room,"Seattle, WA, United States",160,5,2,1,1.5,99,36:27.3,47.627823,-122.353415,0101000020E61000009DBAF2599E965EC09B560A815CD04740,Bella Vista- Queen Anne Hill
249,922986,4962900,Entire home/apt,"Seattle, WA, United States",75,4.5,6,2,2,120,01:50.8,47.606002,-122.338613,0101000020E61000000740DCD5AB955EC0C1A7397991CD4740,"Pike Place 2 Blocks, Best Spot!"
250,931785,4962900,Entire home/apt,"Seattle, WA, United States",70,5,6,2,2,133,01:50.8,47.606083,-122.339434,0101000020E6100000A1496249B9955EC0AED4B32094CD4740,Close to Everything!!!
251,934123,4962900,Entire home/apt,"Seattle, WA, United States",32,4.5,6,2,2,100,55:35.5,47.606919,-122.339713,0101000020E6100000AB4198DBBD955EC017299485AFCD4740,Shopping and Nightlife!!!
252,934216,4962900,Entire home/apt,"Seattle, WA, United States",66,4.5,6,2,2,135,01:57.4,47.606619,-122.339025,0101000020E6100000B1E1E995B2955EC0ED10FFB0A5CD4740,Amazing Waterview! PIKE PLACE!
253,935432,4962900,Entire home/apt,"Seattle, WA, United States",19,5,6,2,2,110,01:58.8,47.606003,-122.3389,0101000020E61000005227A089B0955EC092239D8191CD4740,One block from Pike's Market!
254,935671,4962900,Entire home/apt,"Seattle, WA, United States",86,4.5,6,2,2,118,01:40.0,47.605767,-122.337571,0101000020E6100000FE4465C39A955EC07EFFE6C589CD4740,Perfect Seattle Vacation Spot!
255,936177,4962900,Entire home/apt,"Seattle, WA, United States",30,4.5,6,2,2,100,01:58.8,47.607008,-122.337206,0101000020E6100000F58079C894955EC087342A70B2CD4740,Next to Seattle Art Museum!
256,936378,4962900,Entire home/apt,"Seattle, WA, United States",7,4.5,4,1,1,100,01:58.8,47.607361,-122.339602,0101000020E6100000FFE9060ABC955EC0D4EE5701BECD4740,Downtown Seattle!
257,936484,4962900,Entire home/apt,"Seattle, WA, United States",26,4.5,3,1,1,110,01:16.4,47.608546,-122.339192,0101000020E610000026C45C52B5955EC0490ED8D5E4CD4740,Marketside Flats next to Pike!
258,942490,4705328,Private room,"Seattle, WA, United States",118,4.5,6,1,1,98,08:00.8,47.690113,-122.363969,0101000020E610000080F0A1444B975EC0B0C56E9F55D84740,Newly Updated Private Floor in Neighborhood Home
259,948077,365687,Entire home/apt,"Seattle, WA, United States",258,5,2,1,1,99,11:00.1,47.628452,-122.325134,0101000020E61000005534D6FECE945EC08B8D791D71D04740,Capitol Hill Stylish Garden Cottage
260,949751,2674868,Private room,"Redmond, WA, United States",59,5,1,1,1,42,56:32.5,47.670953,-122.139243,0101000020E61000009ACC785BE9885EC09813B4C9E1D54740,The Gingerbread House
261,953595,5177328,Entire home/apt,"Seattle, WA",133,5,4,1,1,95,27:29.0,47.639123,-122.365666,0101000020E610000096D05D1267975EC08A8F4FC8CED14740,Bright & Airy Queen Anne Apartment
262,955506,357277,Entire home/apt,"Seattle, WA, United States",40,5,5,2,1,125,04:18.3,47.689728,-122.341714,0101000020E610000076A565A4DE955EC05891D10149D84740,Cozy Greenlake Bungalow
264,973859,5325813,Entire home/apt,"Seattle, WA, United States",219,4.5,6,2,1,95,46:05.1,47.607675,-122.305618,0101000020E610000069C4CC3E8F935EC064CC5D4BC8CD4740,Cozy and minutes from everything
265,977722,5282519,Entire home/apt,"Seattle, WA, United States",122,5,2,,1,51,11:37.4,47.665198,-122.305289,0101000020E610000007B5DFDA89935EC0ABAE433525D54740,serene apartment close to UW
266,993804,3169976,Entire home/apt,"Seattle, WA, United States",4,3.5,4,1,1,66,11:58.9,47.662851,-122.285106,0101000020E61000002D793C2D3F925EC07A8F334DD8D44740,Nice & cozy 1b/r 1bath-UVillage/SCH
267,995443,5468524,Entire home/apt,"Seattle, WA, United States",42,5,2,1,1,70,37:33.4,47.545173,-122.270136,0101000020E6100000395E81E849915EC0C3D4963AC8C54740,Columbia City Studio Apartment
268,1000883,5486919,Entire home/apt,"Seattle, WA, United States",136,5,2,,1,100,04:59.9,47.580449,-122.396871,0101000020E6100000C66E9F5566995EC07AFF1F274CCA4740,Westside Hideaway
269,1002835,2490446,Entire home/apt,"Seattle, WA, United States",57,4.5,5,2,1,110,18:03.0,47.622426,-122.298339,0101000020E6100000C40776FC17935EC00D17B9A7ABCF4740,Cozy two bedroom Madison Valley!!
270,1003890,5507055,Entire home/apt,"Seattle, WA, United States",176,4.5,6,3,1,99,12:13.1,47.529873,-122.359823,0101000020E610000050560C5707975EC04704E3E0D2C34740,PRIVATE  3 BEDROOM HOME
271,1009838,923095,Private room,"Seattle, WA, United States",171,4.5,2,1,1,53,02:46.5,47.569473,-122.280107,0101000020E61000005D18E945ED915EC03E7AC37DE4C84740,"Large, two rooms, private entry, bath and hot tub!"
272,1012003,5567436,Private room,"Seattle, WA, United States",31,5,4,1,1,145,20:48.7,47.639757,-122.322252,0101000020E61000008544DAC69F945EC08C31B08EE3D14740,Capitol Hill Gem in Great Location
273,1022135,5387574,Private room,"Seattle, WA, United States",9,4.5,2,1,1,55,02:33.3,47.706086,-122.341683,0101000020E610000059A65F22DE955EC0EC14AB0661DA4740,"Contemporary, Cozy, and Warm Home"
274,1023693,5635244,Entire home/apt,"Seattle, WA, United States",211,5,2,,1,75,06:59.5,47.677209,-122.369696,0101000020E6100000925D6919A9975EC047C7D5C8AED64740,"Get Cozy at a Hip, Vintage-Style Retreat"
276,1042022,5736221,Entire home/apt,"Seattle, WA, United States",226,5,2,1,1,89,15:20.3,47.634204,-122.280113,0101000020E6100000CE8B135FED915EC0067FBF982DD14740,Perfect Location by Lake Washington
277,1043194,3294357,Entire home/apt,"Seattle, WA, United States",46,5,4,1,1,165,53:51.7,47.612885,-122.329241,0101000020E610000026E0D74812955EC0BF9A030473CE4740,Bright&Sweet next to Convention Ctr
278,1048798,5774906,Entire home/apt,"Seattle, WA, United States",237,5,4,1,2,99,11:21.4,47.526789,-122.383462,0101000020E61000008F5033A48A985EC03F726BD26DC34740,"West Seattle Home, Dazzling View, Quiet & Tranquil"
279,1071203,2754788,Private room,"Seattle, WA, United States",30,3.5,2,,1,89,29:40.6,47.6552,-122.359371,0101000020E61000005F0839EFFF965EC06B2BF697DDD34740,Beautiful Private Suite in the Heart of Seattle
280,1071843,2612779,Entire home/apt,"Seattle, WA, United States",323,5,4,1,1,110,28:13.7,47.621281,-122.356752,0101000020E610000016325706D5965EC02750C42286CF4740,Wake up under the Space Needle
281,1084117,4962900,Entire home/apt,"Seattle, WA, United States",15,4.5,6,2,2,133,01:58.8,47.606788,-122.338241,0101000020E6100000A54A94BDA5955EC079CDAB3AABCD4740,Amazing Ocean Views!
282,1090307,1722314,Private room,"Seattle, WA, United States",128,5,2,1,1,109,04:18.3,47.677015,-122.330848,0101000020E61000009CFC169D2C955EC062F3716DA8D64740,Private room and bath in Greenlake
283,1090449,2739131,Entire home/apt,"Seattle, WA, United States",267,5,4,1,1,95,23:14.7,47.617846,-122.328095,0101000020E6100000CBBE2B82FF945EC072FBE59315CF4740,Comfy 1 Bdrm Capitol Hill Apartment
285,1097520,6031552,Entire home/apt,"Seattle, WA, United States",180,5,2,1,1.5,92,02:47.1,47.569043,-122.282822,0101000020E6100000B72572C119925EC04582A966D6C84740,Relaxed sophistication in Mt. Baker
286,1100375,3169976,Entire home/apt,"Seattle, WA, United States",3,5,4,2,1,85,11:58.9,47.663476,-122.285584,0101000020E6100000B2101D0247925EC028D714C8ECD44740,Upscale 2b/r condo across from SCH
287,1100686,3921530,Private room,"Seattle, WA, United States",264,5,3,1,1,48,27:24.8,47.654452,-122.354403,0101000020E6100000ADA6EB89AE965EC0A1664815C5D34740,Tree top room in artsy Fremont - high ceilings
288,1110749,5325329,Entire home/apt,"Seattle, WA, United States",255,4.5,6,3,1.5,64,27:37.0,47.635303,-122.363274,0101000020E61000002D5F97E13F975EC07D06D49B51D14740,Queen Anne 3 bed near everything
289,1112092,5856339,Entire home/apt,"Seattle, WA, United States",41,5,3,1,1,135,34:43.1,47.635308,-122.366532,0101000020E6100000003CA24275975EC08F71C5C551D14740,Seattle Backyard Cottage-Queen Anne
290,1114695,165390,Entire home/apt,"Seattle, WA, United States",55,5,8,3,2.5,196,12:39.8,47.662148,-122.338791,0101000020E6100000774B72C0AE955EC0508E0244C1D44740,"100s Walk Score. Garage, Deck, Zoo, Green Lake, Fire Place"
291,1121599,6153856,Entire home/apt,"Seattle, WA, United States",319,5,4,1,1,95,18:34.9,47.635479,-122.340745,0101000020E6100000A2D11DC4CE955EC0BB25396057D14740,Classic Tug Boat
292,1121819,6155113,Entire home/apt,"Seattle, WA, United States",78,4.5,8,3,2,274,26:57.3,47.627036,-122.337377,0101000020E61000000C5BB39597955EC013B534B742D04740,Beautiful Spacious Luxury Yacht
293,1122236,1121532,Entire home/apt,"Seattle, WA, United States",111,5,4,,1,119,23:04.2,47.623304,-122.325956,0101000020E6100000D7FB8D76DC945EC0A5BBEB6CC8CF4740,MODERN LUXURY on Capitol Hill
294,1136522,3074414,Entire home/apt,"Seattle, WA, United States",17,4.5,4,1,1,115,11:58.9,47.668422,-122.298793,0101000020E610000085D1AC6C1F935EC0A5F622DA8ED54740,Spacious/Clean/walk U Village 05.5
295,1136984,2230478,Entire home/apt,"Seattle, WA, United States",200,4.5,4,1,1,100,56:14.3,47.611595,-122.330762,0101000020E61000009C3061342B955EC0D5B2B5BE48CE4740,One Bdrm Condo Across Conv Center
296,1141226,1787819,Entire home/apt,"Seattle, WA, United States",49,5,4,1,1,174,53:53.5,47.61385,-122.322449,0101000020E610000030682101A3945EC0265305A392CE4740,St. John's Apt. 308 *Walkscore 99*
297,1142039,225830,Private room,"Seattle, WA, United States",45,5,1,1,1,50,02:17.3,47.701221,-122.30815,0101000020E6100000CB10C7BAB8935EC05B22179CC1D94740,Secluded Setting in North Seattle
298,1145148,6278931,Entire home/apt,"Seattle, WA, United States",15,5,6,3,2,375,12:31.6,47.554044,-122.361705,0101000020E61000002E73BA2C26975EC0C345EEE9EAC64740,GardenLife Sanctuary
299,1145941,4351330,Entire home/apt,"Seattle, WA, United States",179,4.5,6,3,1.5,175,04:32.0,47.678573,-122.313379,0101000020E61000003410CB660E945EC06C79E57ADBD64740,"""Home away from Home""!"
300,1146966,3921530,Private room,"Seattle, WA, United States",220,5,4,1,1,45,27:26.9,47.654871,-122.353256,0101000020E610000069C70DBF9B965EC0A60C1CD0D2D34740,Artsy home in terrific Fremont neighborhood
301,1150519,6305984,Entire home/apt,"Seattle, WA, United States",17,5,7,3,1.5,300,04:34.8,47.673162,-122.314152,0101000020E6100000467EFD101B945EC07974232C2AD64740,Classic Craftsman - 95 Walk Score!
302,1157083,3294357,Entire home/apt,"Seattle, WA, United States",40,5,6,2,2,265,53:51.7,47.611696,-122.329294,0101000020E61000003831242713955EC0098CF50D4CCE4740,Modern 2BR/2BA By ConventionCenter
303,1159111,1787819,Entire home/apt,"Seattle, WA, United States",92,5,6,2,1,156,53:52.4,47.61385,-122.322449,0101000020E610000030682101A3945EC0265305A392CE4740,St. John's Apt. 203 *Walkscore 99*
304,1159226,1787819,Entire home/apt,"Seattle, WA, United States",53,5,4,2,1,174,53:52.4,47.61385,-122.322449,0101000020E610000030682101A3945EC0265305A392CE4740,St. John's Apt. 304 *Walkscore 99*
305,1163345,6372203,Entire home/apt,"Seattle, WA, United States",312,4.5,2,,1,100,48:59.8,47.602952,-122.333294,0101000020E6100000FE7C5BB054955EC06687F8872DCD4740,Apartment Pioneer Square 203
306,1167507,6393323,Entire home/apt,"Seattle, WA, United States",102,5,2,1,1,130,21:22.4,47.633003,-122.348083,0101000020E6100000CA52EBFD46965EC08CA2073E06D14740,"Private Queen Anne Hill MIL 1br/1ba, grownd."
307,1171574,4485958,Private room,"Seattle, WA, United States",361,5,2,1,1,47,52:00.3,47.60813,-122.293766,0101000020E610000050ABE80FCD925EC0B6DB2E34D7CD4740,Private Entrance and Central
308,1175464,5553281,Private room,"Seattle, WA, United States",37,4.5,3,1,1,55,11:04.2,47.633901,-122.34713,0101000020E6100000795DBF6037965EC06BF3FFAA23D14740,Convenient condo close to Downtown
309,1184846,6458694,Entire home/apt,"Seattle, WA, United States",75,5,2,,1,120,15:18.3,47.649789,-122.334064,0101000020E610000057B1F84D61955EC0782634492CD34740,South Wallingford Casita
310,1190224,6506114,Private room,"Seattle, WA, United States",27,5,1,1,1,60,03:40.2,47.694242,-122.277246,0101000020E610000099BC0166BE915EC03CC1FEEBDCD84740,A Quiet Room in a House by the Lake
311,1190571,6506114,Private room,"Seattle, WA, United States",25,4.5,2,1,1,60,01:38.1,47.694972,-122.277481,0101000020E6100000BA10AB3FC2915EC05FD1ADD7F4D84740,A Quiet Room in a House by the Lake
312,1200083,4962900,Entire home/apt,"Seattle, WA, United States",16,4.5,4,,1,100,01:58.8,47.605557,-122.339089,0101000020E6100000BC5B59A2B3955EC0936E4BE482CD4740,Near Waterfont & Pikes Place!
313,1200231,4962900,Entire home/apt,"Seattle, WA, United States",8,4,4,1,1,100,01:58.8,47.606152,-122.337346,0101000020E6100000EE5BAD1397955EC0D733846396CD4740,Two blocks from Waterfront!
314,1205666,6584748,Private room,"Seattle, WA, United States",274,5,2,1,1.5,79,15:14.8,47.528955,-122.385944,0101000020E61000009885764EB3985EC0210725CCB4C34740,West Seattle - Northwest Modern Hm1
315,1209447,5008607,Entire home/apt,"Seattle, WA, United States",10,4,6,3,2,149,03:07.9,47.568217,-122.281673,0101000020E6100000A3CA30EE06925EC0FF03AC55BBC84740,3 Bedroom Home close to lake
316,1220471,6657721,Entire home/apt,"Seattle, WA, United States",6,4.5,3,2,1.5,400,25:21.4,47.615978,-122.326931,0101000020E61000001C430070EC945EC01A87FA5DD8CE4740,Best Urban Location & Patio
317,1220816,6659833,Entire home/apt,"Seattle, WA, United States",56,4.5,7,,1,89,08:00.8,47.685546,-122.363262,0101000020E61000004B7842AF3F975EC0AAF3A8F8BFD74740,TOP Neighborhood~Super clean COZY
318,1246769,1025723,Entire home/apt,"Seattle, WA, United States",314,5,2,1,1,115,49:44.8,47.612148,-122.329712,0101000020E610000052465C001A955EC0E9279CDD5ACE4740,Light & Modern Downtown Conv Ctr
319,1249060,2575305,Private room,"Seattle, WA, United States",170,4.5,3,1,1,65,51:02.4,47.605186,-122.312302,0101000020E61000006D1E87C1FC935EC0A0FF1EBC76CD4740,Room in 2BR Apt w/ a Huge Backyard
320,1252084,951427,Private room,"Seattle, WA, United States",0,,6,3,2,111,49:25.1,47.605657,-122.33186,0101000020E610000070B6B9313D955EC0F7CB272B86CD4740,Beautiful Large 3 bedroom 2 Bath Condo
321,1252740,2931003,Private room,"Seattle, WA, United States",196,5,3,,1,62,11:29.9,47.662668,-122.345044,0101000020E610000096EB6D3315965EC0880D164ED2D44740,Private Bedroom/Bath in Modern Home Near Downtown
322,1255787,3979528,Private room,"Seattle, WA, United States",13,4.5,1,1,1,35,08:29.2,47.679001,-122.363676,0101000020E6100000C495B37746975EC0C4793881E9D64740,Convenient~Clean~Friendly Home~Ballard~L3
323,1256892,6846442,Entire home/apt,"Seattle, WA, United States",182,5,4,1,1,100,07:36.3,47.679371,-122.356968,0101000020E6100000FC6D4F90D8965EC0E86C01A1F5D64740,Daisy Mae's - Phinney Ridge
324,1260259,3009864,Entire home/apt,"Seattle, WA, United States",98,5,3,1,1,155,31:33.8,47.660564,-122.401864,0101000020E6100000255CC823B8995EC01D75745C8DD44740,Zen Garden Oasis
325,1263470,4193,Entire home/apt,"Seattle, WA, United States",7,4,2,1,1,100,08:45.3,47.530898,-122.277116,0101000020E6100000B24CBF44BC915EC083C13577F4C34740,Sweet Seattle Urban Homestead 1 Bdr
326,1273432,6931145,Entire home/apt,"Seattle, WA, United States",26,5,6,2,2.5,275,46:21.3,47.602493,-122.308927,0101000020E61000007D76C075C5935EC0D388997D1ECD4740,Mod Green Built Home Central Seattle
327,1289082,1037115,Entire home/apt,"Seattle, WA, United States",58,4.5,6,3,2,250,07:44.4,47.690487,-122.369019,0101000020E61000009126DE019E975EC015A8C5E061D84740,Three bedroom 2 story apartment in Ballard
328,1298827,7060991,Entire home/apt,"Seattle, WA, United States",31,4.5,2,1,1,69,26:58.6,47.6599,-122.399218,0101000020E61000005F7EA7C98C995EC0B1506B9A77D44740,Peaceful Park Central Suite One
329,1301535,468703,Entire home/apt,"Seattle, WA, United States",210,5,7,2,1,100,07:30.1,47.682113,-122.378638,0101000020E610000076C1E09A3B985EC09696917A4FD74740,2 Huge Private Rooms + Common Area
330,1301904,7114284,Entire home/apt,"Bellevue, WA, United States",63,4.5,4,2,1,90,38:11.4,47.59444,-122.206543,0101000020E6100000EF8D2100388D5EC095B7239C16CC4740,Charming Secret Garden Cottage
331,1305353,7096991,Entire home/apt,"Seattle, WA, United States",109,4.5,4,1,1,79,12:39.8,47.65031,-122.324476,0101000020E61000009015FC36C4945EC08121AB5B3DD34740,Private Tranquility at East Lake Union
332,1307898,6569937,Entire home/apt,"Seattle, WA, United States",26,5,9,5,4.5,500,16:19.0,47.626363,-122.309927,0101000020E61000006F490ED8D5935EC05436ACA92CD04740,Large Capitol Hill Single Family
333,1309666,7119234,Entire home/apt,"Seattle, WA, United States",5,4,4,,1,160,12:44.7,47.662794,-122.348789,0101000020E6100000170D198F52965EC015FE0C6FD6D44740,HOME 1.5 MI FROM PIKE PLACE MARKET
334,1343837,4016846,Private room,"Mercer Island, WA, United States",31,4.5,2,1,1.5,82,39:27.1,47.572735,-122.219188,0101000020E61000003EEB1A2D078E5EC0252367614FC94740,Private room on Mercer Island  
335,1349175,1445691,Private room,"Seattle, WA, United States",327,5,4,1,1,61,20:19.5,47.634174,-122.322232,0101000020E6100000616EF7729F945EC09CFC169D2CD14740,Capitol Hill Oasis- Lake Union view
336,1351716,6592975,Entire home/apt,"Seattle, WA, United States",206,5,4,1,1,105,45:50.9,47.595236,-122.309725,0101000020E61000003B70CE88D2935EC070B378B130CC4740,Sweet Central Dist. Guest House: Short/Long Rental
337,1356339,1121532,Entire home/apt,"Seattle, WA, United States",130,5,4,1,1,119,23:14.7,47.622137,-122.325702,0101000020E61000007A8F334DD8945EC0D7506A2FA2CF4740,"Capitol Hill MODERN Apt,Great Location!"
338,1371152,7435040,Entire home/apt,"Seattle, WA, United States",52,5,8,2,1.5,180,13:56.9,47.656989,-122.319617,0101000020E6100000B88FDC9A74945EC0776A2E3718D44740,"Modern house in U-District, UW,Lake Union/Amazon"
339,1407502,6136210,Private room,"Seattle, WA, United States",21,4.5,1,1,1,70,08:29.2,47.674313,-122.367969,0101000020E6100000473CD9CD8C975EC042226DE34FD64740,Private garden room in hip Ballard
340,1416279,3586338,Entire home/apt,"Seattle, WA, United States",69,5,2,1,1,96,24:58.0,47.626081,-122.325391,0101000020E61000006ADAC534D3945EC0D0D2156C23D04740,"Bright, cozy nest on Capitol Hill"
341,1422036,6971200,Entire home/apt,"Seattle, WA, United States",43,4.5,6,3,1.5,180,33:19.0,47.636807,-122.363352,0101000020E6100000EB3BBF2841975EC0936E4BE482D14740,3B Central Location in Queen Anne Modern Home
342,1427103,7675473,Entire home/apt,"Seattle, WA, United States",213,4.5,4,,1,75,12:34.3,47.653172,-122.337299,0101000020E61000004E7E8B4E96955EC0DA54DD239BD34740,Wallingford Private 1BD Apartment
343,1427894,5126289,Entire home/apt,"Bellevue, WA, United States",58,5,2,,1,149,38:41.4,47.605743,-122.181438,0101000020E61000001B1021AE9C8B5EC0F56393FC88CD4740,Lovely private studio in Bellevue
345,1432713,7700277,Entire home/apt,"Seattle, WA, United States",385,4.5,3,,1,115,15:19.1,47.620167,-122.307855,0101000020E61000003F3A75E5B3935EC07B87DBA161CF4740,"The Famous ""Single's Movie Bldg"""
346,1439237,7730805,Private room,"Seattle, WA, United States",88,5,2,1,1,76,45:49.8,47.608237,-122.29009,0101000020E610000063B9A5D590925EC0CC9BC3B5DACD4740,Beautiful Madrona Large Private  
347,1450262,7782878,Entire home/apt,"Seattle, WA, United States",39,5,4,2,3,350,11:58.9,47.669143,-122.279867,0101000020E6100000B20E4757E9915EC075AC527AA6D54740,Executive Retreat
348,1455269,7804761,Entire home/apt,"Seattle, WA, United States",172,5,6,3,1,100,03:07.9,47.567915,-122.290736,0101000020E610000045F12A6B9B925EC034F44F70B1C84740,Seattle/Columbia City Mother-in-Law
349,1461971,7697138,Entire home/apt,"Seattle, WA, United States",12,4.5,4,2,1,149,02:33.3,47.712305,-122.311486,0101000020E61000005CCAF962EF935EC07EE36BCF2CDB4740,Charming Natural Home in N. Seattle
350,1472532,453540,Entire home/apt,"Seattle, WA, United States",457,5,3,1,1,130,55:18.5,47.612425,-122.343783,0101000020E6100000EE7A698A00965EC05C2041F163CE4740,Downtown-5 mins walk to Pike Place!
351,1483944,7940700,Private room,"Seattle, WA, United States",139,5,6,1,1,45,59:19.4,47.689768,-122.334647,0101000020E6100000172D40DB6A955EC0E6E95C514AD84740,"Peaceful, Spacious Home"
352,1484595,3074414,Entire home/apt,"Seattle, WA, United States",21,4,3,1,1,80,13:48.3,47.659153,-122.315866,0101000020E6100000C6FA062637945EC0B80721205FD44740,Steps to UW Center of attraction 31
353,1488166,1212520,Entire home/apt,"Seattle, WA, United States",55,5,10,3,2,295,09:28.4,47.675945,-122.400734,0101000020E61000004C1938A0A5995EC08672A25D85D64740,Entire Ballard Home - Beautiful Sunset Hill
354,1494986,316200,Entire home/apt,"Seattle, WA, United States",102,5,4,1,1.5,116,21:04.4,47.633457,-122.345581,0101000020E61000009D47C5FF1D965EC00D36751E15D14740,Queen Anne Guesthouse with a Balcony and Garden Hot Tub
355,1499596,273088,Entire home/apt,"Seattle, WA, United States",25,5,6,2,2,220,46:24.4,47.602939,-122.308409,0101000020E6100000B1321AF9BC935EC0D13DEB1A2DCD4740,Architect award-winning modern home
356,1500353,1037115,Entire home/apt,"Seattle, WA, United States",24,5,2,1,1,145,21:05.4,47.637886,-122.341084,0101000020E6100000164CFC51D4955EC0C3499A3FA6D14740,The Pura Vida on Lake Union
357,1511620,1243056,Shared room,"Seattle, WA, United States",12,5,1,1,0.5,70,24:24.7,47.625287,-122.319425,0101000020E610000096218E7571945EC096CE876709D04740,Io House (bunk 1L) - SLU walkable 
358,1520449,1243056,Shared room,"Seattle, WA, United States",19,4.5,1,,0.5,70,24:24.7,47.624094,-122.319695,0101000020E6100000766C04E275945EC09ED0EB4FE2CF4740,Io House (bunk 1U) - SLU walkable 
359,1520501,1243056,Shared room,"Seattle, WA, United States",6,4,1,1,0.5,70,23:46.6,47.624301,-122.319154,0101000020E6100000CE18E6046D945EC018EE5C18E9CF4740,Io House (bunk 2L) - SLU walkable 
360,1520533,1243056,Shared room,"Seattle, WA, United States",17,4.5,1,1,0.5,70,24:58.0,47.625135,-122.32051,0101000020E61000009F02603C83945EC0E04A766C04D04740,Io House (bunk 2U) - SLU walkable 
361,1520549,1243056,Shared room,"Seattle, WA, United States",9,4.5,1,1,0.5,70,24:24.7,47.625063,-122.319053,0101000020E6100000342C465D6B945EC046787B1002D04740,Io House (2Fl 4p- 1L)-  SLU walkable
362,1520581,1243056,Shared room,"Seattle, WA, United States",15,5,1,,0.5,70,24:58.0,47.623839,-122.32176,0101000020E61000004D4A41B797945EC0137CD3F4D9CF4740,Io House (2Fl 4p- 2L) - SLU walkable
363,1520593,1243056,Private room,"Seattle, WA, United States",17,4,2,1,0.5,130,24:26.4,47.623883,-122.319589,0101000020E610000053CA6B2574945EC0E3C3EC65DBCF4740,Io House (Pvt Queen) - SLU walkable
364,1531351,3074414,Entire home/apt,"Seattle, WA, United States",30,4,4,1,1,100,14:00.1,47.657032,-122.317692,0101000020E6100000DA8CD31055945EC07636E49F19D44740,Strong WiFi 3 Min walk UW Clean (7)
365,1531458,3074414,Entire home/apt,"Seattle, WA, United States",59,4.5,4,,1,88,11:52.4,47.667016,-122.304401,0101000020E6100000A9F7544E7B935EC051F4C0C760D54740,Remodeled Walk to UW/View/Serene #F
366,1534622,3074414,Private room,"Seattle, WA, United States",30,4,1,,1,49,11:52.4,47.666062,-122.296492,0101000020E6100000A4E194B9F9925EC0DE8D058541D54740,"Quiet Private Room U Village, UW 6"
367,1537246,7606108,Entire home/apt,"Seattle, WA, United States",61,5,2,1,1,139,24:58.0,47.624463,-122.324695,0101000020E61000002F8B89CDC7945EC0F1475167EECF4740,Historic 1 BR Gem on Capitol Hill
368,1538676,3979528,Entire home/apt,"Seattle, WA, United States",4,4,2,1,1,67,08:29.2,47.670292,-122.365769,0101000020E6100000003961C268975EC09E62D520CCD54740,Garden Home~Convenient~Ballard~Bus&Bike
369,1538865,8204725,Entire home/apt,"Seattle, WA, United States",37,5,4,2,1,95,05:05.0,47.573562,-122.390993,0101000020E6100000C1FD800706995EC03B1DC87A6AC94740,2 Bedroom home in West Seattle
370,1539463,5312600,Private room,"Seattle, WA, United States",51,5,2,1,1,75,47:36.2,47.613594,-122.295058,0101000020E6100000151BF33AE2925EC0CB82893F8ACE4740,Private room/bath - Madrona/Seattle
371,1561256,7940700,Private room,"Seattle, WA, United States",171,5,2,,1,34,51:59.1,47.693193,-122.338476,0101000020E6100000C79E3D97A9955EC07768588CBAD84740,Sunny Room w/a Deck
372,1562643,8315334,Entire home/apt,"Seattle, WA, United States",54,4.5,6,4,3.5,260,24:56.9,47.625427,-122.324959,0101000020E61000009E62D520CC945EC08884EFFD0DD04740,Renovated 1904 Capitol Hill classic
373,1571230,3074414,Entire home/apt,"Seattle, WA, United States",13,3.5,2,,1,80,13:54.2,47.661168,-122.314651,0101000020E6100000D6A9F23D23945EC0B4942C27A1D44740,Center UW Blast Internet New #102
374,1579615,8403307,Entire home/apt,"Seattle, WA, United States",142,5,4,1,1,82,05:27.1,47.675822,-122.38971,0101000020E6100000253B3602F1985EC06AF5D55581D64740,"Ballard, Seattle Cozy Studio Apt."
375,1583047,4342525,Entire home/apt,"Seattle, WA, United States",9,4.5,2,1,1,125,53:59.1,47.613453,-122.323451,0101000020E6100000F2B6D26BB3945EC00951BEA085CE4740,Charming First/Cap Hill 1 Bedroom
376,1588658,3593244,Entire home/apt,"Seattle, WA, United States",14,5,6,2,1,120,12:55.0,47.668679,-122.315841,0101000020E61000001A6F2BBD36945EC0D042024697D54740,Bright New U. District Apartment
377,1588941,5692720,Entire home/apt,"Seattle, WA, United States",79,5,2,1,1,85,05:44.1,47.683643,-122.373349,0101000020E6100000A33F34F3E4975EC0D591239D81D74740,Private backyard studio in Ballard
378,1588992,8476107,Entire home/apt,"Seattle, WA, United States",111,5,2,1,1,75,08:25.0,47.553295,-122.285722,0101000020E6100000DB6FED4449925EC02905DD5ED2C64740,Garden Apartment in Columbia City
379,1589681,681242,Entire home/apt,"Seattle, WA, United States",196,4.5,2,,1,55,05:15.4,47.678761,-122.383089,0101000020E6100000459DB98784985EC06F66F4A3E1D64740,Ballard Cottage
380,1589732,3074414,Entire home/apt,"Seattle, WA, United States",23,4,3,,1,93,14:00.1,47.658523,-122.317704,0101000020E6100000BD73284355945EC0F8544E7B4AD44740,Relaxing Short walk to UW (5)
381,1593991,8501598,Private room,"Seattle, WA, United States",46,5,2,1,0.5,150,08:07.4,47.691639,-122.381233,0101000020E6100000FBC9181F66985EC0AFD172A087D84740,"Sequim, Olympic Mountains Wa"
382,1594219,197690,Private room,"Seattle, WA, United States",75,5,2,1,2,49,05:25.9,47.714682,-122.356348,0101000020E6100000AE7FD767CE965EC01B8524B37ADB4740,Seattle Rock n' Roll Room w/Queen Bed
383,1594313,197690,Private room,"Seattle, WA, United States",73,5,2,1,2,49,05:19.7,47.715424,-122.353943,0101000020E61000007B698A00A7965EC002637D0393DB4740,Seattle Rock n' Roll Room w/King Bed
384,1599010,3074414,Entire home/apt,"Seattle, WA, United States",10,4.5,3,,1,100,14:00.1,47.661118,-122.314637,0101000020E610000024473A0323945EC00266BE839FD44740,Large Wood Floor walk UW (104)
385,1601714,8534462,Entire home/apt,"Seattle, WA, United States",35,4.5,3,1,1,129,56:45.7,47.614419,-122.336206,0101000020E610000004AE2B6684955EC040852348A5CE4740,"99 1Bed, CapHill. Walk Downtown"
386,1602421,39377,Private room,"Seattle, WA, United States",74,4.5,2,1,1.5,40,59:56.1,47.687131,-122.334514,0101000020E6100000778368AD68955EC0AD889AE8F3D74740,Quaint Upstairs Room with Closet
387,1603408,3074414,Entire home/apt,"Seattle, WA, United States",30,4.5,4,1,1,99,12:47.8,47.6585,-122.317266,0101000020E61000007F880D164E945EC03F355EBA49D44740,"Short walk to UW, Remodeled Serene (47)"
388,1609922,3494510,Entire home/apt,"Seattle, WA, United States",33,5,4,2,1.5,149,07:36.3,47.671666,-122.377912,0101000020E61000000531D0B52F985EC0E6EAC726F9D54740,Ballard Townhouse in Prime Location
389,1614502,8594245,Private room,"Seattle, WA, United States",147,5,3,,1,50,45:42.9,47.610253,-122.305049,0101000020E61000005CAB3DEC85935EC098A432C51CCE4740,"Beautiful Private Room & Bath, central location"
390,1618449,4098837,Entire home/apt,"Kirkland, WA, United States",28,5,4,1,1,110,56:59.6,47.713748,-122.215574,0101000020E61000008CF7E3F6CB8D5EC0EFCA2E185CDB4740,New 1 BR: The Pear @ Juanita Farmhouse Cottages
391,1618842,8612866,Entire home/apt,"Seattle, WA, United States",297,5,4,,1,79,27:32.8,47.665245,-122.37041,0101000020E6100000210725CCB4975EC0EC6987BF26D54740,Private Studio - Industrial Ballard
392,1622420,91519,Private room,"Bellevue, WA, United States",6,4.5,2,1,1,75,39:13.3,47.611595,-122.120527,0101000020E61000003DD2E0B6B6875EC0D5B2B5BE48CE4740,"Beautiful Furnished room ""Paris"""
393,1628210,8654046,Entire home/apt,"Seattle, WA, United States",12,5,4,2,1,125,07:48.2,47.680316,-122.350418,0101000020E6100000817B9E3F6D965EC007793D9814D74740,"2 Bed, Full Bath with private patio"
394,1629525,8660724,Private room,"Seattle, WA, United States",2,,1,1,1,60,03:15.5,47.576376,-122.302527,0101000020E61000000CCA349A5C935EC0831953B0C6C94740,Forest Street Guest House
395,1634285,8681464,Entire home/apt,"Seattle, WA, United States",1,,16,6,3,800,30:17.3,47.658257,-122.350817,0101000020E6100000607825C973965EC079AEEFC341D44740,"Fremont Abbey, 1914 brick renovated for events"
396,1647216,3074414,Entire home/apt,"Seattle, WA, United States",20,4,2,,1,75,12:51.7,47.662433,-122.313931,0101000020E6100000D68C0C7217945EC04565C39ACAD44740,"Center UW New, Fancy & Cute, 04"
397,1652097,7096991,Entire home/apt,"Seattle, WA, United States",97,4.5,4,1,1,110,14:48.7,47.647933,-122.323343,0101000020E6100000FE98D6A6B1945EC0E57FF277EFD24740,Lake Union Tranquil  Retreat
398,1652107,5325329,Entire home/apt,"Seattle, WA, United States",243,4.5,8,3,1,61,08:20.1,47.524754,-122.281738,0101000020E61000009702D2FE07925EC0FC389A232BC34740,Prime Seattle Craftsman Home - 3Bed
399,1684236,8905591,Entire home/apt,"Seattle, WA, United States",157,5,2,1,1,115,51:02.4,47.612148,-122.329712,0101000020E610000052465C001A955EC0E9279CDD5ACE4740,Seattle Downtown Convention Center
400,1686930,8916363,Entire home/apt,"Seattle, WA, United States",245,5,6,,1,49,27:26.9,47.629816,-122.366212,0101000020E6100000C7D9740470975EC0AF3F89CF9DD04740,The Hideaway- Queen Anne/downtown
401,1691255,4637274,Private room,"Redmond, WA, United States",16,5,2,1,1,79,55:09.9,47.704355,-122.121336,0101000020E6100000F5F411F8C3875EC015E3FC4D28DA4740,Private room in Redmond
402,1696015,8956137,Entire home/apt,"Seattle, WA, United States",29,4.5,8,3,2,195,36:45.7,47.631495,-122.395437,0101000020E610000037A8FDD64E995EC0344B02D4D4D04740,$135/night (Phone number hidden by Airbnb) Waterfront
403,1696194,8956137,Entire home/apt,"Seattle, WA, United States",46,4.5,4,1,1,165,36:45.7,47.633013,-122.395017,0101000020E61000004C1762F547995EC0AF78EA9106D14740,"$85 - $125 Night THROUGH March 31, 2019"
404,1696389,8956137,Entire home/apt,"Seattle, WA, United States",1,,6,3,2,185,35:02.9,47.631494,-122.372125,0101000020E6100000894160E5D0975EC064CF9ECBD4D04740,LUXURY Seattle Home Monthly Rate Available
405,1700328,7512696,Private room,"Redmond, WA, United States",32,5,1,,1,52,56:39.3,47.696934,-122.129714,0101000020E610000056F5F23B4D885EC038BC202235D94740,Private room in Redmond
406,1702092,8986560,Entire home/apt,"Seattle, WA, United States",14,5,3,1,1,122,14:34.4,47.662958,-122.348666,0101000020E610000089CE328B50965EC0904FC8CEDBD44740,Woodland Park Suite
409,1715582,9046761,Private room,"Seattle, WA, United States",48,5,2,1,1.5,65,12:51.7,47.662477,-122.332659,0101000020E6100000166EF9484A955EC015ADDC0BCCD44740,An  Old Charm in Central Seattle
410,1716901,3650951,Entire home/apt,"Seattle, WA, United States",77,5,4,,1,64,19:17.8,47.620297,-122.325294,0101000020E610000071E5EC9DD1945EC0496760E465CF4740,Charming one bed apt - Capitol Hill
411,1722493,9080359,Entire home/apt,"Seattle, WA, United States",25,5,6,2,1,79,04:07.4,47.681961,-122.343391,0101000020E610000068AF3E1EFA955EC0E012807F4AD74740,Green Lake at Your Doorstep - Private Apartment
412,1732441,1214247,Entire home/apt,"Seattle, WA, United States",139,5,3,,1,85,04:50.9,47.562119,-122.361218,0101000020E61000007F2E1A321E975EC0E9BAF083F3C74740,Green on Green - Top Level of House
413,1737244,9148911,Private room,"Seattle, WA, United States",36,5,3,1,1,70,03:35.2,47.669738,-122.280517,0101000020E6100000363E93FDF3915EC0B9718BF9B9D54740,Your Warm  Retreat
414,1739843,8654046,Entire home/apt,"Seattle, WA, United States",18,4.5,5,2,2,165,29:36.4,47.660583,-122.361524,0101000020E6100000062E8F3523975EC094A5D6FB8DD44740,"2 bed, 2 bath with private deck"
415,1758935,3401993,Private room,"Seattle, WA, United States",513,4.5,2,,1,45,02:40.1,47.569289,-122.285545,0101000020E61000005322895E46925EC07C7C4276DEC84740,Ethiopian cottage #1/Private Bath
416,1763809,8932486,Private room,"Seattle, WA, United States",238,5,2,1,2,45,44:03.6,47.611717,-122.31308,0101000020E61000000742B28009945EC020B41EBE4CCE4740,Spring Street Center Room 3
417,1764100,3074414,Entire home/apt,"Seattle, WA, United States",41,4.5,2,,1,99,13:54.2,47.662414,-122.312986,0101000020E6100000C6866EF607945EC0CE3461FBC9D44740,Center UW Chic Clean & Comfy 309
418,1772119,9555890,Private room,"Seattle, WA, United States",182,5,2,1,2,58,45:50.9,47.606207,-122.306835,0101000020E61000002A91442FA3935EC09ACDE33098CD4740,"Cherry Hill Cozy, Budget Loft-Bed"
419,1773803,8026420,Entire home/apt,"Seattle, WA, United States",270,4,6,1,1,49,10:05.1,47.65877,-122.31369,0101000020E610000043C5387F13945EC0FFCA4A9352D44740,View Emerald City Jewel Apt UW 1BD Great Location
420,1775016,8315334,Private room,"Seattle, WA, United States",262,5,2,,1.5,59,22:49.1,47.625427,-122.324959,0101000020E61000009E62D520CC945EC08884EFFD0DD04740,Master Suite A in Capitol Hill Home
421,1781723,1730412,Private room,"Seattle, WA, United States",105,5,2,1,1,52,27:11.8,47.659469,-122.352126,0101000020E610000090847D3B89965EC0E8DCED7A69D44740,Sunny guest room in Fremont w/ private bathroom
422,1781873,2237228,Entire home/apt,"Seattle, WA, United States",102,4.5,2,1,1,85,29:42.3,47.667597,-122.364702,0101000020E61000004AB20E4757975EC030F488D173D54740,Fremont View Apartment
423,1789341,3979528,Entire home/apt,"Seattle, WA, United States",25,5,2,1,1,125,08:29.2,47.672354,-122.366175,0101000020E6100000386744696F975EC0DAAA24B20FD64740,Lovely Modern Classic~Convenient~Priv Home
424,1796217,74305,Entire home/apt,"Seattle, WA, United States",44,5,8,3,2.5,198,29:38.1,47.647209,-122.35569,0101000020E6100000E960FD9FC3965EC0A35698BED7D24740,12/18-20★3Bd Ship Canal View w/Patio&Grill★
425,1796861,9423731,Entire home/apt,"Seattle, WA, United States",67,5,6,3,1.5,299,04:32.0,47.675724,-122.324693,0101000020E61000005E0F26C5C7945EC0A88FC01F7ED64740,Green Lake Getaway - 2 blocks from the lake
426,1797207,74305,Entire home/apt,"Seattle, WA, United States",70,4.5,6,2,2,154,58:57.6,47.614655,-122.348297,0101000020E6100000E012807F4A965EC054A9D903ADCE4740,SALE 12/27★ Getaway Tranquil Oasis-Free Parking★
427,1802663,9450725,Entire home/apt,"Seattle, WA, United States",174,5,4,1,1,100,12:39.8,47.656119,-122.339032,0101000020E61000000A1346B3B2955EC061A417B5FBD34740,Urban Oasis Within Wallingford home
428,1807936,3464851,Entire home/apt,"Seattle, WA, United States",16,4.5,4,2,1.5,100,02:33.3,47.701095,-122.314811,0101000020E6100000F35A09DD25945EC0CF31207BBDD94740,JazzBb
429,1815472,6372203,Entire home/apt,"Seattle, WA, United States",311,4.5,2,1,1,90,44:30.9,47.600807,-122.332168,0101000020E6100000C631923D42955EC09C1A683EE7CC4740,Studio Apartment Pioneer Square 201
430,1817878,9519939,Entire home/apt,"Seattle, WA, United States",95,5,6,2,2,90,46:08.7,47.6026,-122.309515,0101000020E6100000C6A70018CF935EC0E9482EFF21CD4740,Large T/house 1 mile to City Sleeps 6 - BBQ area
431,1820794,9533123,Entire home/apt,"Seattle, WA, United States",296,5,2,,1,105,52:58.6,47.630333,-122.347627,0101000020E6100000390D51853F965EC0774B72C0AED04740,Cozy Guest Suite with Covered Backyard Patio
432,1826155,9555890,Private room,"Seattle, WA, United States",206,5,2,1,3,111,45:58.9,47.606461,-122.307478,0101000020E6100000548F34B8AD935EC055A69883A0CD4740,"Seattle ""Sweet Suite"" Cherry Hill"
433,1827586,2323745,Entire home/apt,"Seattle, WA, United States",31,5,8,3,2,375,40:55.7,47.553513,-122.26161,0101000020E61000009F93DE37BE905EC097749483D9C64740,Steps to Lake Washington 3 bed/2 ba
434,1851863,9671138,Entire home/apt,"Seattle, WA, United States",40,5,4,1,1,95,02:25.8,47.697103,-122.344556,0101000020E6100000FFE89B340D965EC0C478CDAB3AD94740,Lovely Green Lake Guest Stay
435,1872885,9759010,Private room,"Seattle, WA, United States",15,5,1,1,1,90,02:33.5,47.593106,-122.320155,0101000020E6100000A8A9656B7D945EC0DB87BCE5EACB4740,Cozy Town Home with Private Room and Bathroom
436,1875910,9771378,Entire home/apt,"Mercer Island, WA, United States",12,5,3,2,1.5,179,39:23.6,47.570868,-122.206223,0101000020E6100000B62BF4C1328D5EC09D2ADF3312C94740,Stunning waterfront Mercer Island sandy beach
437,1885801,3302799,Private room,"Seattle, WA, United States",0,,2,1,1,150,08:45.3,47.52674,-122.2748,0101000020E6100000363CBD5296915EC05DBF60376CC34740,Feel nature and city convenience
439,1900698,3118422,Private room,"Seattle, WA, United States",165,4.5,2,1,1.5,47,42:13.7,47.553144,-122.280881,0101000020E610000056444DF4F9915EC044FD2E6CCDC64740,Glam Room in Diverse Neighborhood
440,1901706,1787819,Private room,"Seattle, WA, United States",42,5,2,,1,155,53:52.4,47.613907,-122.32235,0101000020E610000066F7E461A1945EC08AE42B8194CE4740,St. John's Apt. 307 *Walkscore 99*
441,1905473,9890727,Private room,"Seattle, WA, United States",7,4.5,2,1,1,75,46:03.1,47.605269,-122.298788,0101000020E6100000FC1BB4571F935EC02D24607479CD4740,Central District Bungalow -
443,1909058,2497928,Private room,"Seattle, WA, United States",121,5,2,,1,90,27:32.8,47.636605,-122.368519,0101000020E6100000193DB7D095975EC02CBCCB457CD14740,Queen Anne Private Bed and Bath
444,1914051,9232171,Entire home/apt,"Seattle, WA, United States",151,5,2,1,1,69,27:12.6,47.641415,-122.365496,0101000020E610000067B4554964975EC0F91400E319D24740,Fantastic QA weekly/monthly rental!  Perfect spot!
446,1925661,9975709,Private room,"Seattle, WA, United States",87,5,2,1,1,44,44:39.8,47.577795,-122.302581,0101000020E610000006D9B27C5D935EC06B65C22FF5C94740,Large 1BD w/bath/walkin closet; parking included
447,1928010,8315334,Private room,"Seattle, WA, United States",343,5,2,1,1.5,59,11:16.6,47.625427,-122.324959,0101000020E61000009E62D520CC945EC08884EFFD0DD04740,Master Suite B in Capitol Hill Home
448,1935439,10014839,Private room,"Seattle, WA, United States",4,4.5,2,1,2,49,06:37.1,47.703299,-122.360732,0101000020E6100000B9A7AB3B16975EC09E279EB305DA4740,Sunny Private Room by Carkeek Park
449,1950012,5304351,Private room,"Seattle, WA, United States",34,5,2,,1,50,10:05.6,47.545437,-122.319127,0101000020E61000005111A7936C945EC0A1832EE1D0C54740,Artists' Retreat
450,1954452,8534462,Entire home/apt,"Seattle, WA, United States",74,5,3,1,1,220,56:45.7,47.613462,-122.330548,0101000020E61000008670CCB227955EC05CAB3DEC85CE4740,99 Downtown Walkscore Lux 1BD
451,1956094,9337200,Private room,"Seattle, WA, United States",258,5,4,1,1,51,58:38.7,47.682747,-122.38947,0101000020E61000007B319413ED985EC09738F24064D74740,Entire Finished Basement in Ballard
452,1956274,7466082,Entire home/apt,"Seattle, WA, United States",150,5,2,1,1.5,110,31:28.2,47.668692,-122.396089,0101000020E61000008B53AD8559995EC0658C0FB397D54740,Sweet Ballard Apartment for Two
453,1976382,1121532,Entire home/apt,"Seattle, WA, United States",70,5,4,,1,119,25:21.4,47.621803,-122.325248,0101000020E6100000B9C5FCDCD0945EC000C79E3D97CF4740,Modern luxury on Capitol Hill
454,1978743,9555890,Private room,"Seattle, WA, United States",114,5,2,,3,87,47:15.3,47.607619,-122.308325,0101000020E610000082E2C798BB935EC0D0B69A75C6CD4740,"Arty ""Cedar Tree"" Room  Cherry Hill"
455,1980283,10219841,Entire home/apt,"Seattle, WA, United States",98,4.5,4,2,1,85,12:10.7,47.550982,-122.374195,0101000020E6100000E9D495CFF2975EC0A357039486C64740,Seattle Two Bedroom Suite
456,1980395,10220435,Entire home/apt,"Seattle, WA, United States",48,5,6,2,2.5,108,05:10.4,47.566126,-122.366581,0101000020E61000007095271076975EC028B517D176C84740,West Seattle Getaway
457,1983713,10235544,Entire home/apt,"Seattle, WA, United States",39,5,3,1,1,80,45:50.9,47.591805,-122.293716,0101000020E6100000F793313ECC925EC0FD4D2844C0CB4740,Peaceful Retreat in the City
458,2004931,8534462,Entire home/apt,"Seattle, WA, United States",49,4.5,3,1,1,83,51:02.4,47.614976,-122.323857,0101000020E61000002AE5B512BA945EC096E99788B7CE4740,99 Lux 1BD in CapHill. 97 Walkscore
459,2016613,10371342,Entire home/apt,"Seattle, WA, United States",38,5,8,4,3,350,03:13.9,47.564699,-122.288819,0101000020E6100000A9DDAF027C925EC0BD8A8C0E48C84740,"Very nice modern house, room for 8"
460,2020505,10385963,Entire home/apt,"Seattle, WA, United States",106,5,2,,1,165,33:18.2,47.641452,-122.352885,0101000020E6100000EF8FF7AA95965EC016FA60191BD24740,"Private entry ""in house"" guest suite"
461,2026794,10392662,Private room,"Seattle, WA, United States",207,4.5,2,1,1,49,12:35.8,47.659297,-122.333096,0101000020E61000006B9BE27151955EC0EBAC16D863D44740,"Cozy charming 1905 cottage, W room"
462,2027236,8798441,Private room,"Seattle, WA, United States",239,5,2,1,1,59,38:11.4,47.509958,-122.256018,0101000020E6100000FD4B529962905EC0B22AC24D46C14740,"Relaxing Studio, separate entrance, Private bath"
463,2032805,9555890,Private room,"Seattle, WA, United States",141,5,2,1,2,70,45:50.9,47.607946,-122.30754,0101000020E61000008F8D40BCAE935EC0F4DDAD2CD1CD4740,Victorian Charm on Cherry Hill
464,2033191,10437300,Entire home/apt,"Seattle, WA, United States",115,5,4,2,1,135,04:18.3,47.676117,-122.332214,0101000020E61000007E5182FE42955EC083A279008BD64740,Green Lake VIEW 2 Bed 1 Bath Apt
465,2037250,1865986,Private room,"Seattle, WA, United States",51,5,2,1,1,80,07:35.4,47.684649,-122.357716,0101000020E61000006150A6D1E4965EC09B1E1494A2D74740,Bedroom with Private Spa-like Bath
466,2039149,5325329,Entire home/apt,"Seattle, WA, United States",367,4.5,10,3,2,79,29:03.3,47.665676,-122.36322,0101000020E6100000335019FF3E975EC0B5DD04DF34D54740,Seattle- Ballard Fremont Area - 3-bedroom Home
469,2067910,7268966,Private room,"Redmond, WA, United States",16,5,1,,1,25,53:31.0,47.697783,-122.131848,0101000020E6100000C102983270885EC0365A0EF450D94740,M&T B&B #RM4 near Redmond/Microsoft
470,2069917,8284327,Entire home/apt,"Seattle, WA, United States",58,4.5,3,1,1,52,02:46.5,47.572721,-122.307347,0101000020E61000008461C092AB935EC0C05DF6EB4EC94740,1 Bdrm N. Beacon Hill Apt-East Unit
471,2075094,2318574,Private room,"Seattle, WA, United States",49,4.5,2,,1,60,12:43.7,47.65668,-122.3474,0101000020E610000058A835CD3B965EC0F9F719170ED44740,Bungalow in beautiful Fremont
473,2112625,10771753,Private room,"Seattle, WA, United States",41,5,2,1,1.5,58,45:45.1,47.593942,-122.291088,0101000020E61000008410902FA1925EC044DC9C4A06CC4740,Be our Guest at Perfect Townhome
474,2146241,1659379,Private room,"Renton, WA, United States",5,5,1,1,1,60,39:55.5,47.509636,-122.185021,0101000020E6100000B0045262D78B5EC0A06EA0C03BC14740,Suite w/ private bath and entry. Near everything!
475,2149219,1787819,Entire home/apt,"Seattle, WA, United States",39,5,4,1,1,174,53:52.4,47.613907,-122.32235,0101000020E610000066F7E461A1945EC08AE42B8194CE4740,St. John's Apt. 206 *Walkscore 99*
476,2150760,10977007,Entire home/apt,"Seattle, WA, United States",107,5,2,,1,85,38:11.4,47.552437,-122.270692,0101000020E61000007CD2890453915EC0D80C7041B6C64740,Seward Park Mother In Law
477,2187563,6668610,Entire home/apt,"Seattle, WA, United States",68,4.5,6,2,1,600,14:00.1,47.657362,-122.327625,0101000020E61000008716D9CEF7945EC00BD1217024D44740,Bright 2 BR suite in Wallingford
478,2187615,4962900,Entire home/apt,"Seattle, WA, United States",5,4.5,3,,1,110,01:36.2,47.608744,-122.339081,0101000020E61000007A6CCB80B3955EC070D1C952EBCD4740,Best Downtown Location!
479,2187906,6374498,Private room,"Seattle, WA, United States",288,5,2,1,0.5,25,58:35.2,47.694619,-122.360636,0101000020E6100000A87004A914975EC012178046E9D84740,Room on main floor with bathroom w/shower
480,2191161,4962900,Entire home/apt,"Seattle, WA, United States",16,4.5,6,2,2,118,01:58.8,47.605895,-122.337715,0101000020E61000009817601F9D955EC0ABE7A4F78DCD4740,Amazing Seattle Views!
481,2191169,4962900,Entire home/apt,"Seattle, WA, United States",106,4.5,6,2,2,100,00:39.7,47.607361,-122.337607,0101000020E6100000A5F9635A9B955EC0D4EE5701BECD4740,1 Block to PIKE PLACE MARKET!
482,2191633,4962900,Entire home/apt,"Seattle, WA, United States",18,4.5,6,2,2,135,01:57.4,47.607412,-122.339167,0101000020E61000007A3881E9B4955EC0569929ADBFCD4740,"Family-Friendly, Seattle Views!"
483,2197168,11206862,Entire home/apt,"Seattle, WA, United States",155,5,4,2,1,125,02:48.5,47.580021,-122.306864,0101000020E61000007714E7A8A3935EC022FFCC203ECA4740,Delightful Cottage near Light Rail
484,2197864,1560318,Private room,"Kirkland, WA, United States",37,5,1,1,1,42,56:25.6,47.680862,-122.16983,0101000020E61000004DF8A57EDE8A5EC0698B6B7C26D74740,Kirkland SemiPriv Nice Room close to everything!!
485,2197982,9931335,Entire home/apt,"Seattle, WA, United States",157,5,2,,1,75,01:20.7,47.692767,-122.328645,0101000020E61000009CBF098508955EC0C05FCC96ACD84740,Private Studio in Seattle
486,2215336,11299221,Entire home/apt,"Seattle, WA, United States",56,5,5,2,1,110,04:07.4,47.673731,-122.334571,0101000020E610000029CC7B9C69955EC093A641D13CD64740,2 bed Greenlake Apt-great low season monthly rates
487,2238105,7727480,Entire home/apt,"Seattle, WA, United States",111,5,2,1,1,81,27:50.7,47.663365,-122.362469,0101000020E610000016342DB132975EC0D027F224E9D44740,Modern Ballard/Fremont Cottage
488,2267862,11580391,Entire home/apt,"Seattle, WA, United States",2,,2,,1,115,29:42.3,47.664051,-122.367419,0101000020E6100000753BFBCA83975EC024F0879FFFD44740,Ballard Modern Studio
489,2268329,11582791,Private room,"Seattle, WA, United States",85,4.5,2,1,1,68,15:36.5,47.618802,-122.309933,0101000020E6100000E0BC38F1D5935EC0865968E734CF4740,Private Rm Cap Hill - Free Parking
490,2277640,4630668,Entire home/apt,"Seattle, WA, United States",86,5,3,2,1,90,09:01.9,47.677132,-122.377918,0101000020E610000076A4FACE2F985EC09C89E942ACD64740,Private Suite in Charming Ballard
491,2297917,11737076,Entire home/apt,"Seattle, WA, United States",80,5,4,1,1,78,06:33.3,47.709425,-122.363233,0101000020E6100000FDF49F353F975EC07FFB3A70CEDA4740,Carkeek Retreat
492,2298775,225830,Private room,"Seattle, WA, United States",68,5,2,1,1,55,01:40.4,47.701453,-122.308225,0101000020E6100000D0B359F5B9935EC02E573F36C9D94740,Secluded Setting in North Seattle
493,2332949,640731,Entire home/apt,"Seattle, WA, United States",130,5,10,4,3,250,14:48.7,47.645867,-122.321416,0101000020E6100000501A6A1492945EC0674815C5ABD24740,Centrally located 4br home by Roanoke Park
494,2358140,3074414,Entire home/apt,"Seattle, WA, United States",29,4.5,1,,1,89,13:56.9,47.659184,-122.315893,0101000020E61000004302469737945EC0F3052D2460D44740,Short walk to UW Clean Just Right 3
495,2367298,1545100,Entire home/apt,"Seattle, WA, United States",226,5,4,1,1,115,15:36.5,47.627747,-122.299765,0101000020E610000011DF89592F935EC0C09481035AD04740,Adorable Walkable Vintage Apartment
496,2373176,9232171,Entire home/apt,"Seattle, WA, United States",132,5,2,1,1,72,27:23.0,47.639925,-122.367431,0101000020E6100000572250FD83975EC04772F90FE9D14740,Forget Corporate Housing!  Check this out!
497,2387605,12194562,Private room,"Seattle, WA, United States",168,5,4,,1,79,46:21.3,47.594125,-122.308662,0101000020E610000026E1421EC1935EC0355EBA490CCC4740,Private Room/Bath in Modern Home #1 with two beds
498,2391699,1123549,Private room,"Seattle, WA, United States",368,5,1,,1,35,51:54.9,47.653968,-122.34508,0101000020E61000003CA06CCA15965EC0B5503239B5D34740,"HIDDEN GEM in BEST of SEATTLE, B"
499,2396734,8403307,Entire home/apt,"Seattle, WA, United States",87,5,8,4,1,169,09:24.5,47.676396,-122.389696,0101000020E610000073D87DC7F0985EC09692E52494D64740,Ballard's Unique 2 Bdrm- 2 Lofts Apt.
500,2413338,12334975,Private room,"Seattle, WA, United States",35,3,2,1,1,67,14:48.7,47.650295,-122.320631,0101000020E61000005DC5E23785945EC04CE0D6DD3CD34740,Experience a Seattle floating home!
501,2441908,12483454,Entire home/apt,"Ballard, Seattle, WA, United States",236,5,5,1,1,75,05:54.3,47.675916,-122.370474,0101000020E61000002C8194D8B5975EC0EC6B5D6A84D64740,Cozy Ballard Cottage - Sleeps 5
502,2446092,12506865,Entire home/apt,"Kirkland, WA, United States",13,3.5,2,1,1,125,54:27.5,47.667739,-122.206078,0101000020E6100000359BC761308D5EC0C2A1B77878D54740,Mother-in-Law Apartment in Luxury home in Kirkland
503,2446384,12509177,Private room,"Seattle, WA, United States",45,5,2,,1,60,00:10.9,47.680746,-122.303509,0101000020E6100000AB4203B16C935EC0007157AF22D74740,Ravenna Daylight Basement Suite
505,2459519,12575330,Entire home/apt,"Seattle, WA, United States",32,5,10,6,4.5,700,14:51.5,47.645749,-122.318581,0101000020E6100000200890A163945EC05D363AE7A7D24740,Fabulous Views of Lakes & Mountains
506,2471659,2824920,Entire home/apt,"Seattle, WA, United States",258,5,2,1,1,75,09:05.8,47.553771,-122.283684,0101000020E61000008099EFE027925EC0923CD7F7E1C64740,"Charming, split-level 1BD retreat"
508,2479562,6755549,Private room,"Kirkland, WA, United States",97,5,2,1,1,42,53:15.8,47.677749,-122.19179,0101000020E6100000CA6C9049468C5EC0C7F2AE7AC0D64740,Kirkland Cozy Bedroom; Walk to Goog
509,2481189,12693172,Entire home/apt,"Seattle, WA, United States",104,5,6,3,2,250,21:22.4,47.636303,-122.347827,0101000020E61000009C6A2DCC42965EC060AC6F6072D14740,Queen Anne - Cozy 3 BD View/Parking
510,2481869,5177328,Entire home/apt,"Seattle, WA, United States",154,5,4,1,1,130,32:24.7,47.639008,-122.36532,0101000020E6100000C824236761975EC0F1F09E03CBD14740,Airy + Bright Queen Anne Cottage
511,2492143,512103,Private room,"Seattle, WA, United States",48,4.5,2,1,1,95,31:28.9,47.648788,-122.389374,0101000020E61000006AFAEC80EB985EC0C504357C0BD34740,"Large bedroom with kitchen, bath & private entry"
512,2500188,12796487,Private room,"Seattle, WA, United States",57,5,2,1,5,135,16:00.3,47.617144,-122.309594,0101000020E61000006C425A63D0935EC019761893FECE4740,Walking distance from it all...
513,2516391,2033580,Entire home/apt,"Seattle, WA, United States",154,5,4,,1,95,12:35.8,47.644821,-122.327488,0101000020E610000047753A90F5945EC01363997E89D24740,Lake Union View City Cabin
514,2522091,12913415,Entire home/apt,"Seattle, WA, United States",94,5,2,1,1,110,04:41.8,47.586756,-122.391982,0101000020E6100000B9A7AB3B16995EC0AB5D13D21ACB4740,Apartment Ocean and Mountain Views
515,2536507,5570855,Entire home/apt,"Seattle, WA, United States",328,5,2,,1,99,42:52.1,47.583778,-122.399094,0101000020E6100000E9818FC18A995EC0E90FCD3CB9CA4740,Modern Beach Studio Oasis w/180 VIEW.Steps to Alki
516,2540201,12263972,Entire home/apt,"Seattle, WA, United States",0,,2,2,1,55,04:42.3,47.6759,-122.31441,0101000020E610000043E21E4B1F945EC0E6AE25E483D64740,Ravenna 2 bedroom
517,2540337,12197959,Entire home/apt,"Seattle, WA, United States",285,5,2,,1,89,11:14.3,47.636475,-122.339015,0101000020E61000009F76F86BB2955EC05DDC460378D14740,Modern Houseboat on Lake Union!!
518,2578855,5507715,Entire home/apt,"Seattle, WA, United States",259,5,3,1,1,70,05:19.6,47.685837,-122.350399,0101000020E61000004563EDEF6C965EC081B1BE81C9D74740,Cozy Suite in Even Cozier Location!
519,2585090,1560318,Private room,"Kirkland, WA, United States",10,5,1,1,1,38,54:01.1,47.680862,-122.16983,0101000020E61000004DF8A57EDE8A5EC0698B6B7C26D74740,Nice Clean Comfortable Home close too everything!!
520,2586350,2536735,Entire home/apt,"Seattle, WA, United States",142,4.5,6,,1,85,08:25.0,47.539639,-122.276871,0101000020E61000007E8D2441B8915EC0B55208E412C54740,Seattle Home Close to Light Rail
521,2586642,1452570,Entire home/apt,"Seattle, WA, United States",62,4.5,4,2,1,123,28:13.7,47.642362,-122.377509,0101000020E6100000863C821B29985EC0B91803EB38D24740,Charming 2 bedroom Getaway
522,2593176,8932486,Private room,"Seattle, WA, United States",218,5,2,,2,42,52:58.6,47.611717,-122.31308,0101000020E61000000742B28009945EC020B41EBE4CCE4740,Spring Street Center Room 4
